title,description,date,category,thumbnail,content,author,tags,group,nums_of_comments,url
Thái Lan giám sát sức khỏe 108 người sau vụ 72 con hổ chết hàng loạt,"Cục Kiểm soát Dịch bệnh Thái Lan giám sát y tế khẩn cấp 108 nhân viên từng tiếp xúc với đàn hổ tại Chiang Mai, sau khi dịch bệnh bùng phát khiến hàng chục con vật tử vong.","Thứ ba, 24/2/2026, 11:24 (GMT+7)",Tin tức,https://i1-suckhoe.vnecdn.net/2026/02/24/DukDae-1-768x512-1771903417-6594-1771904716.jpg?w=680&h=0&q=100&dpr=1&fit=crop&s=5hubpkIlVb03r9ue3DEEoQ,"Theo báo cáo ngày 23/2 từKhaosod, giới chức y tế đang theo dõi nghiêm ngặt nhóm nhân viên làm việc tạihai cơ sở du lịchở các Mae Rim và Mae Taeng. Những người này trực tiếp chăm sóc hoặc tiếp xúc gần với đàn hổ trong khoảng thời gian 8-19/2. Quy trình giám sát kéo dài tối thiểu 21 ngày nhằm loại trừ mọi rủi ro lây nhiễm từ động vật sang người. Đến nay, cơ quan chức năng chưa ghi nhận trường hợp nào xuất hiện triệu chứng bất thường.
Dịch bệnh khởi phát từ ngày 8/2 tại cơ sở Mae Taeng với 31 con hổ đổ bệnh cùng lúc, sau đó lan rộng khiến tổng cộng 72 con tử vong tại hai điểm du lịch. Kết quả xét nghiệm lâm sàng ngày 20/2 xác nhận các mẫu bệnh phẩm dương tính với virus gây bệnh Care (Canine Distemper Virus - CDV) kết hợp vi khuẩn Mycoplasma. Để ngăn chặn mầm bệnh phát tán, nhà chức trách đã hỏa táng và chôn lấp toàn bộ xác hổ ngay tại chỗ, nghiêm cấm đưa bất kỳ bộ phận nào như da hay răng ra ngoài.
Dù Cục Phát triển Chăn nuôi xác định nguyên nhân chính là virus Care, giới chuyên môn địa phương vẫn đặt nghi vấn về kết luận này. Một số bác sĩ thú y tại Chiang Mai cho rằng virus có thể xâm nhập qua nguồn thức ăn ô nhiễm và kiến nghị mở rộng xét nghiệm để loại trừ các bệnh lý khác như giảm bạch cầu ở mèo hoặc cúm gia cầm. Cơ quan chức năng khẳng định đang khẩn trương phân tích mẫu thức ăn và điều tra dịch tễ bổ sung để làm rõ nguyên nhân.
Bệnh Care là bệnh truyền nhiễm nguy hiểm tấn công hệ hô hấp, tiêu hóa và thần kinh, thường gặp ở chó nhưng có thể lây sang động vật hoang dã. Virus lây lan qua tiếp xúc trực tiếp, giọt bắn hoặc bề mặt ô nhiễm, gây tỷ lệ tử vong cao ở động vật chưa tiêm phòng. Các tổ chức y tế thế giới hiện chưa ghi nhận bằng chứng loại virus này lây sang người.
Tuy nhiên, Bộ Y tế Công cộng Thái Lan vẫn duy trì cảnh báo mức cao nhất. Cơ quan này khuyến cáo người dân tránh tiếp xúc với động vật ốm, thực hiện ăn chín uống sôi và vệ sinh tay thường xuyên. Hiện tại, chính quyền đã phong tỏa các cơ sở liên quan, thiết lập trạm khử trùng và theo dõi đặc biệt 124 cá thể hổ còn sống. Các điểm tham quan chỉ mở cửa trở lại khi ổ dịch được kiểm soát hoàn toàn.
Bình Minh(TheoKhaosod, WFFT, Bangkok Post)",Bình Minh,"108 nhân viên được theo dõi sức khỏe, 72 cá thể hổ chết, virus cdv, virus gây bệnh sài sốt chó, bệnh care, dịch bệnh",Giải trí,0,https://vnexpress.net/giai-tri/phim/thu-vien-phim/nha-ba-toi-mot-phong-880
"Hòa Minzy, Nguyễn Hùng thắng lớn ở Làn Sóng Xanh 2025","Hòa Minzy xúc động nhận cúp ""Ca sĩ của năm"" còn Nguyễn Hùng bất ngờ khi thắng năm hạng mục của Làn Sóng Xanh 2025.","Thứ bảy, 31/1/2026, 08:29 (GMT+7)","Nhạc, Làng nhạc",https://i1-giaitri.vnecdn.net/2026/01/31/dtt6389-1769820759-1769820815-6661-1769821938.jpg?w=680&h=0&q=100&dpr=1&fit=crop&s=AUMzfT3sSOAk6_7AOUan1Q,"Tại lễ trao giải tối 30/1, Hòa Minzy nói: ""Năm 2023, tôi nhận giải Nữ ca sĩ được yêu thích nhất. Hai năm qua tôi luôn ước mơ đoạt giải Ca sĩ của năm và hôm nay đã làm được. Tôi chỉ muốn nói một điều với con trai mình là 'Bo ơi, mẹ đã làm được rồi'"".
Ngoài bốn giải do hội đồng nghệ thuật chấm: Ca sĩ của năm, Ca khúc và MV của năm, Sự kết hợp xuất sắc,Bắc Blingcũng lọt vào Top 10 ca khúc được yêu thích nhất, Bài hát được yêu thích trên radio do khán giả bình chọn.
Bắc Blingra mắt hồi tháng 3/2025, hòa quyện chất liệu dân ca Kinh Bắc với âm nhạc hiện đại, góp phần lan tỏa bản sắc Bắc Ninh và văn hóa dân tộc, khơi dậy tình yêu quê hương, đất nước đến đông đảo công chúng, nhất là thế hệ trẻ. Nhạc phẩm gây sốt trong nước lẫn quốc tế, trong đó MV chạm mốc 200 triệu lượt xem nhanh nhất lịch sử Vpop. Ca khúc từng được vinh danh tại lễ trao giảiVietnam iContent 2025ở hạng mục Âm nhạc truyền cảm hứng.
Ngoài Làn Sóng Xanh, Hòa Minzy giành ba chiếc cúp gồm Nữ ca sĩ được yêu thích nhất, MV của năm và Nghệ sĩ vì cộng đồng ởMai Vàng 2025. TạiTinh hoa Việt, ca sĩ nhận giải MV của năm, Ca sĩ của năm.
Hòa Minzy, 31 tuổi, tên thật là Nguyễn Thị Hòa, quê Bắc Ninh, từng đoạt giải quán quân chương trình Học viện Ngôi sao năm 2014. Cô có các ca khúc được yêu thích nhưRời bỏ(Vũ Huy Hoàng),Không thể cùng nhau suốt kiếp(Mr Siro),Bật tình yêu lên(Tăng Duy Tân). Đầu năm 2024, Hòa Minzy lần đầu nhận giải Nữ ca sĩ được yêu thích nhất ở Mai Vàng. Cùng năm, cô được vinh danh Nữ ca sĩ của năm tại giải Cống hiến. Ca sĩ có 3,4 triệu người theo dõi trên mạng xã hội.
Nguyễn Hùng chỉ thua Hòa Minzy một giải khi nhận ba chiếc cúp do Hội đồng nghệ thuật chấm: Gương mặt mới xuất sắc, Bài hát hiện tượng vớiCòn gì đẹp hơn, Ca khúc nhạc phim được yêu thích cùngPhép màu.Còn gì đẹp hơnvàPhép màuđều nằm trong Top 10 ca khúc được yêu thích do khán giả bình chọn. Hai bản nhạc này là hiện tượng trong làng nhạc, lan tỏa trong dịp lễ A50 và A80 năm ngoái. ""Thần số học nói năm nay là năm 'đỉnh' của tôi. Có ai trong hội đồng bình chọn lên tiếng để chắc chắn không có 'đi cửa sau' chứ tôi lên nhận giải nhiều quá cũng bất ngờ"", Nguyễn Hùng hài hước.
Giải cũng ghi nhận đóng góp của các gương mặt ""anh trai"", ""em xinh"". Quang Hùng Master D là Nam ca sĩ/rapper được yêu thích. Lyhan là Nữ ca sĩ/rapper được yêu thích. Phương Mỹ Chi nhận giảiCa sĩ đột phá.
Ngoài ra, chương trình công bố giải Giải thưởng đặc biệt dành cho ca khúcViết tiếp câu chuyện hòa bìnhcủa nhạc sĩ Nguyễn Văn Chung do các ca sĩ Nguyễn Duyên Quỳnh, Tùng Dương, Đông Hùng, Võ Hạ Trâm thể hiện. Trước đó, sáng tác này được vinh danh Bài hát đặc biệt của năm tạiVietnam iContent Awards 2025.Với giai điệu hào hùng, ca từ dung dị nhưng xúc động, tác phẩm gửi gắm lòng biết ơn những chiến sĩ hy sinh vì độc lập của Tổ quốc, đồng thời nhấn mạnh tinh thần tiếp nối của thế hệ trẻ trong công cuộc xây dựng và bảo vệ đất nước hôm nay. Nhiều câu hát như: ""Cùng tôi viết tiếp câu chuyện hòa bình/ nhìn quê hương sáng tươi trong bình minh"" được khán giả chia sẻ rộng rãi, truyền cảm hứng về niềm tin, sự đoàn kết, trách nhiệm công dân.
*Chi Pu, Thanh Thủy khoe sắc trên thảm đỏ Làn Sóng Xanh 2025
Trong buổi lễ, nhiều nghệ sĩ không tránh khỏi sự hồi hộp và dành cử chỉ động viên nhau trước khi khách mời công bố giải. Giây phút vợ chồng Trấn Thành - Hari Won xướng tên Hòa Minzy, Soobin thắng giải Nữ, Nam ca sĩ của năm, hai ca sĩ đều lấy tay ôm mặt để giữ được sự bình tĩnh.
Với 16 hạng mục giải thưởng, Làn Sóng Xanh 2025 lấy chủ đềCon rồng cháu tiên, gắn liền tinh thần tự hào dân tộc trong bối cảnh người dân Việt Nam cùng hướng về nhiều dấu mốc kỷ niệm quan trọng của đất nước. Sự kiện diễn ra gần năm giờ đồng hồ, nhiều sao Việt làm khách mời trao giải như Hoa hậu Thanh Thủy, diễn viên Quốc Trường - Thúy Ngân, Quang Linh, Hồng Nhung, Tóc Tiên, Quốc Anh.
Các gương mặt có tên trong hạng mục đề cử như: buitruonglinh, Quang Hùng MasterD, Lyhan, Lamoon trình diễn khiến không khí chương trình thêm sôi nổi. Năm nay, sự kiện kỷ niệm 28 năm thành lập, đón lượng khán giả và khách mời đông đảo. Êkíp còn dành khu vực cho fan bên ngoài nhà hát, theo dõi trực tiếp buổi lễ qua màn hình LED cỡ lớn. Hàng nghìn fan reo hò, gọi tên khi các nghệ sĩ xuất hiện trên thảm đỏ.
Làn Sóng Xanh 2025 do Đài tiếng nói Nhân dân TP HCM khởi động năm 1997. Từ năm 2018 đến nay, ban tổ chức thành lập Hội đồng bình chọn với khoảng 200 thành viên có chuyên môn về âm nhạc, chọn ra những gương mặt xuất sắc của làng nhạc Việt.
Hoàng Dung",Hoàng Dung,"hòa minzy, nguyễn hùng, giải làn sóng xanh",Sức khỏe,0,https://vnexpress.net/thai-lan-giam-sat-suc-khoe-108-nguoi-sau-vu-72-con-ho-chet-hang-loat-5043412.html
"Ăn theo thứ tự 'rau, thịt, cơm' giúp ổn định đường huyết, giữ dáng",Trung QuốcThay đổi trình tự bữa ăn sang công thức rau trước tinh bột sau là giải pháp khoa học giúp ổn định đường huyết và giữ dáng hiệu quả mà không cần thực hiện chế độ kiêng khem cực đoan.,"Thứ bảy, 21/2/2026, 06:00 (GMT+7)",Sống khỏe,https://i1-suckhoe.vnecdn.net/2026/02/20/an-1771548838-9760-1771549198.jpg?w=680&h=0&q=100&dpr=1&fit=crop&s=Q1M6HnxZaF36hbm7pWlc9A,"Trong thói quen dinh dưỡng truyền thống, không ít người vẫn duy trì tâm lý lấy các loại ""thực phẩm chính"" làm trọng tâm và bắt đầu bữa ăn bằng một bát cơm trắng. Tuy nhiên, các nghiên cứu y khoa quy mô lớn trong suốt thập kỷ qua đã hé lộ một sự thật. Chính trình tự nạp thực phẩm vào cơ thể mới là yếu tố quyết định trực tiếp đến chỉ số đường huyết, cân nặng và cả nguy cơ mắc các bệnh lý tim mạch. Việc nắm vững phương pháp này được ví như sở hữu một ""mã gian lận"" giúp tối ưu hóa sức khỏe mà không cần đến những quy tắc khắt khe về định lượng hay kiêng khem cực đoan.
Theo Liao Yi-ching, giáo sư thỉnh giảng tại khoa Dinh dưỡng, Đại học Y khoa Trung Sơn, các bằng chứng khoa học cho thấy chỉ cần ưu tiên nạp carbohydrate sau cùng, cơ thể sẽ duy trì được ổn định đường huyết ngay cả khi bữa ăn diễn ra liên tục mà không cần khoảng nghỉ. Phương pháp này dễ dàng thực hiện hơn so với việc phải tính toán tỉ mỉ lượng calo hay tỷ lệ các chất dinh dưỡng trong mỗi bữa ăn.
Nguyên lý cốt lõi của phương pháp ăn uống theo thứ tự nằm ở quy tắc: bắt đầu bằng rau xanh, sau đó tới đạm (thịt, đậu phụ) và kết thúc bằng tinh bột (cơm, mì). Quy trình này kích thích đường ruột bài tiết hormone GLP-1, vốn có khả năng làm chậm quá trình làm rỗng dạ dày, đồng thời gia tăng cảm giác no và ức chế sự thèm ăn một cách tự nhiên.
Không ít người lầm tưởng giảm cân đồng nghĩa với việc cắt giảm lượng thịt nhưng thực tế, thịt lại đóng vai trò quan trọng trong chế độ ăn này. Bác sĩ Chen Yu-hsun, Trưởng khoa Chuyển hóa tại Bệnh viện Tưởng niệm Show Chwan tại Cao Hùng, giải thích khi protein và rau xanh được nạp vào trước, chúng sẽ tạo nên một lớp màng bảo vệ niêm mạc dạ dày, giúp giảm thiểu sự biến động của đường huyết sau đó. Việc hạn chế các loại thịt chế biến sẵn và tiêu thụ một lượng đạm chất lượng cao phù hợp không chỉ giúp thỏa mãn cơn thèm ăn mà còn ổn định chỉ số đường huyết trong cơ thể.
Tuy nhiên, các chuyên gia cũng khuyến cáo về sự khác biệt trong đặc điểm cơ thể mỗi người, đặc biệt là sự thay đổi về nhu cầu dinh dưỡng theo từng độ tuổi. Bác sĩ Lin Chien-hua, khoa Ngoại tại Bệnh viện Tưởng niệm Show Chwan tại Chương Hóa, lưu ý dù chế độ ăn ""rau trước, cơm sau"" mang lại hiệu quả rõ rệt cho người trẻ và bệnh nhân mắc hội chứng chuyển hóa, phương pháp này có thể không phù hợp với người trên 60 tuổi. Đồng quan điểm, bác sĩ Chou Chieh-ying tại khoa Y học Gia đình thuộc Bệnh viện Đại học Quốc lập Thành Công cảnh báo nếu người cao tuổi cắt giảm lượng đạm quá mức để kiểm soát chế độ ăn, họ rất dễ đối mặt với hội chứng suy giảm cơ bắp. Tình trạng này gây khó khăn trong vận động, làm tăng nguy cơ té ngã, thậm chí suy giảm hệ miễn dịch. Do đó, việc điều chỉnh hàm lượng dinh dưỡng trong mỗi bữa ăn cho nhóm này cần được đặc biệt chú trọng.
Đối với người cao tuổi, các bác sĩ gợi ý điều chỉnh thứ tự bữa ăn, đồng thời chú trọng hơn đến tổng lượng và sự phân bổ chất đạm. Chuyên gia dinh dưỡng Chen Yuting từ Bệnh viện Đại học Quốc lập Giao thông cho hay đạm cần được chia đều trong cả 3 bữa ăn để thúc đẩy quá trình tổng hợp cơ bắp một cách hiệu quả nhất. Theo bác sĩ Huang Huilun từ Bệnh viện Đa khoa Đông Nguyên, một người trưởng thành cần tối thiểu 60 gram đạm mỗi ngày, tương đương ít nhất 20 gram mỗi bữa (khoảng một lòng bàn tay thịt hoặc cá). Với những người gặp khó khăn trong việc nhai nuốt, các thực phẩm mềm như đậu phụ, trứng hấp và cá là những lựa chọn ưu tiên để đảm bảo khả năng hấp thụ dưỡng chất tối đa.
Trong những năm gần đây, Hiệp hội Tim mạch Mỹ và châu Âu đều nhấn mạnh tầm quan trọng của ""mô hình ăn uống"" thay vì chỉ tập trung vào các dưỡng chất riêng lẻ. Sức khỏe thực sự không đến từ những biện pháp cực đoan như cắt bỏ hoàn toàn tinh bột hay chỉ tiêu thụ thịt. Một chế độ dinh dưỡng cân bằng bao gồm rau quả, ngũ cốc nguyên hạt, thịt nạc và chất béo lành mạnh, khi được kết hợp với trình tự ăn uống khoa học và hoạt động thể chất phù hợp, là giải pháp bền vững nhằm giảm tải áp lực cho cơ thể và ngăn ngừa các bệnh lý mạn tính.
Bình Minh(TheoHK01)",Bình Minh,"trung quốc, các bác sĩ đài loan, thứ tự ăn uống, ổn định đường huyết",Sức khỏe,0,https://vnexpress.net/suc-khoe/cam-nang/benh-phu-chan-voi-407
Tác dụng phụ thường gặp sau khi uống rượu bia,"Uống rượu bia dễ gây đầy hơi, làm giảm khả năng phối hợp lời nói, suy giảm trí nhớ và tăng huyết áp, ảnh hưởng tiêu cực đến sức khỏe tổng thể.","Thứ bảy, 21/2/2026, 12:00 (GMT+7)","Các bệnh, Dinh dưỡng",https://i1-suckhoe.vnecdn.net/2026/02/10/d59d4953990b4aea84652a6e73546b-4549-3699-1770698340.png?w=180&h=108&q=100&dpr=1&fit=crop&s=A8-rUXJcuivnFrI9s_KmeQ,"Ảnh hưởng về tiêu hóa
Uống rượu có thể gây nhiều tác động bất lợi lên hệ tiêu hóa. Cồn làm tổn thương niêm mạc đường tiêu hóa, cản trở quá trình tiêu hóa và hấp thu dưỡng chất, đặc biệt là vitamin nhóm B và các khoáng chất thiết yếu.
Người thường xuyên sử dụng rượu bia dễ gặp các triệu chứng như đầy hơi, chướng bụng, tiêu chảy, đau hoặc khó chịu vùng bụng. Bia có gas còn làm tăng lượng khí trong dạ dày, khiến cảm giác chướng bụng rõ hơn. Rượu kích thích niêm mạc dạ dày tiết nhiều axit hơn bình thường. Tình trạng kích ứng kéo dài có thể dẫn đến viêm dạ dày mạn tính, loét dạ dày - tá tràng, thậm chí gây xuất huyết tiêu hóa nếu không được kiểm soát.
Huyết áp cao
Huyết áp cao là tình trạng áp lực máu lên thành động mạch duy trì ở mức cao kéo dài. Uống rượu, đặc biệt từ ba ly trở lên trong một lần, có thể làmtăng huyết áptạm thời. Nếu thói quen này lặp lại thường xuyên, rượu sẽ làm rối loạn cơ chế điều hòa mạch máu và tăng nguy cơ tăng huyết áp mạn tính, kéo theo các bệnh tim mạch.
Tổn thương gan
Rượu được hấp thu một phần ở dạ dày và chủ yếu tại ruột non, sau đó đi vào máu và được chuyển đến gan. Gan là cơ quan giữ vai trò chính trong chuyển hóa cồn nhờ các enzyme như alcohol dehydrogenase và aldehyde dehydrogenase. Khiuống nhiều rượutrong một thời gian ngắn hoặc lạm dụng kéo dài, gan không kịp chuyển hóa hết lượng cồn đưa vào. Phần cồn dư thừa cùng các chất chuyển hóa độc hại tích tụ gây tổn thương tế bào gan.
Vấn đề thần kinh
Rượu (ethanol) là chất ức chế hệ thần kinh trung ương, làm chậm quá trình dẫn truyền tín hiệu trong não. Chất này ảnh hưởng đến các chất dẫn truyền thần kinh liên quan đến sự tập trung, chú ý, tâm trạng và phản xạ.
Khi say rượu, người uống có thể giảm khả năng kiểm soát hành vi, nói líu lưỡi, phản xạ chậm, mất phối hợp vận động. Việc lạm dụng rượu kéo dài có thể gây tổn thương thần kinh ngoại biên, biểu hiện bằng tê bì, ngứa ran ở bàn tay, bàn chân. Uống rượu trong thời gian dài còn làm tăng nguy cơ suy giảm trí nhớ, rối loạn cảm xúc và giảm khả năng tự kiểm soát hành vi.
Tác động xấu đến tuyến tụy
Uống quá nhiều rượu là một trong những nguyên nhân hàng đầu gâyviêm tụy cấpvà viêm tụy mạn. Tuyến tụy là cơ quan sản xuất enzyme tiêu hóa và hormone như insulin để điều hòa đường huyết. Khi bị viêm kéo dài, chức năng tiêu hóa và kiểm soát đường huyết suy giảm, đồng thời làm tăng nguy cơ ung thư tụy.
Để hạn chế tác hại, người trưởng thành nên uống rượu bia ở mức chừng mực. Nam giới không nên uống quá hai đơn vị cồn mỗi ngày, nữ giới không quá một đơn vị. Một đơn vị cồn tương đương khoảng 330-355 ml bia 5%, 150 ml rượu vang 12% hoặc 45 ml rượu mạnh 40%. Nên uống chậm, không uống khi đói, uống kèm nước lọc và tuyệt đối không lái xe sau khi sử dụng rượu bia.
Lê Nguyễn(TheoTimes of India, WebMD)",Lê Nguyễn,"dinh dưỡng, rượu bia, tác dụng phụ",Sức khỏe,0,https://vnexpress.net/sieu-am-tim-cho-tre-so-sinh-co-anh-huong-suc-khoe-khong-5044211.html
Không tinh trùng làm sao có con?,"Tôi kết hôn hai năm chưa có con, đi khám phát hiện không có tinh trùng, vợ chồng có thể thụ tinh nhân tạo để mang thai không? (Trường, 33 tuổi, Hà Nam)","Chủ nhật, 1/3/2026, 01:02 (GMT+7)",Các bệnh,https://i1-suckhoe.vnecdn.net/2026/02/27/z7556115305011-a56222bb920286c-6669-7240-1772173990.jpg?w=680&h=0&q=100&dpr=1&fit=crop&s=ZGk_Wor_ijpR3KTz2XgENQ,"Trả lời:
Vô sinh, hiếm muộn có nhiều nguyên nhân như tinh trùng yếu, kém, tỷ lệ dị dạng cao hoặc rối loạn buồng trứng, tắc vòi trứng bệnh tử cung, rối loạn phóng noãn (rụng trứng), niêm mạc tử cung mỏng hoặc viêm lộ tuyến...
Hiện kỹ thuật điều trị vô sinh hiếm muộn ở Việt Nam ngày càng phát triển. Có nhiều phương pháp điều trị như thụ tinh nhân tạo (IUI) bơm tinh trùng vào buồng tử cung, thụ tinh trong ống nghiệm. Các trường hợp vô tinh do tắc nghẽn sẽ được áp dụng phương pháp PESA, chọc hút tinh trùng từ mào tinh qua da. Trường hợp vô sinh không do tắc nghẽn phù hợp để triển khai phương pháp TESE hoặc Micro TESE. Tuy nhiên, khoảng 50 % số ca Micro TESE không tìm thấy tinh trùng, nếu muốn có thai buộc phải xin tinh trùng, con sinh ra không mang gene của bố.
Trường hợp nam giới không có tinh trùng, bác sĩ tiêm tinh tử tròn vào bào tương noãn (ROSI) sau đó nuôi cấy để thụ tinh. Cụ thể, dưới kính hiển vi có độ phóng siêu lớn, bác sĩ sẽ tìm tinh trùng non - tức là tiền tinh trùng (tinh tử trước khi thành tinh trùng trưởng thành) để thụ tinh với vợ. Kỹ thuật đòi hỏi phải tỉ mỉ, khéo léo để khả năng thành công, khó hơn rất nhiều so với việc thụ tinh từ các tinh trùng trưởng thành.
Bác sĩ khuyên vợ chồng trước khi kết hôn nên đi khám tiền hôn nhân để loại trừ nguy cơ mắc các bệnh di truyền. Kết hôn từ 6 tháng đến một năm, quan hệ vợ chồng tự nhiên, không sử dụng biện pháp tránh thai mà chưa có thai thì cần đi khám sớm.
ThS.BSVương Vũ Việt HàPhó Giám đốc Trung tâm Hỗ trợ sinh sản, Bệnh viện Bưu điện",Vương Vũ Việt Hà,"sàng lọc phôi, ivf, thụ tinh ống nghiệm, thụ tinh nhân tạo, hỗ trợ sinh sản",Sức khỏe,0,https://vnexpress.net/6-ly-do-hit-tho-sau-tot-cho-suc-khoe-tong-the-5043977.html
Ngồi yên xe nóng có ảnh hưởng tinh binh?,"Có phải ngồi yên xe bị nóng sẽ ảnh hưởng chất lượng tinh trùng, khó có con không, thường chạy xe đường dài thì phòng thế nào? (Quốc Thịnh, 30 tuổi, Đồng Nai)","Thứ sáu, 20/2/2026, 19:00 (GMT+7)","Vaccine, Tư vấn",https://i1-suckhoe.vnecdn.net/2026/02/15/medium-vecteezy-sunny-scooter-3058-6383-1771123407.jpg?w=680&h=0&q=100&dpr=1&fit=crop&s=jajljFTEtlhGDvjL-K2oIQ,"Trả lời:
Có nhiều nguyên nhân ảnh hưởng đến chất lượng tinh trùng của nam giới như căng thẳng và stress kéo dài, hút thuốc lá, tiếp xúc với hóa chất, thường xuyên tiếp xúc với nhiệt độ cao, mắc bệnh tình dục, hay nhiễm virus HPV... Ngồi trên yên xe máy nóng cũng là yếu tố được các nghiên cứu chứng minh có ảnh hưởng đến chất lượng tinh binh. Lý do là, nhiệt độ tối ưu của tinh hoàn cần thấp hơn nhiệt độ cơ thể từ 2-4 độ C. Mỗi lần nhiệt độ tinh hoàn tăng lên 1 độ C dẫn đến giảm 14% khả năng sinh tinh.
Da ở vùng bìu mỏng, nhiều tuyến mồ hôi và có cơ chế co rút nâng hạ bìu. Khi nhiệt độ xung quanh tăng, bìu hạ xuống xa trung tâm nhiệt để tránh tổn thương sinh tinh. Do đó, việc ngồi trên yên xe máy nóng sẽ dẫn đến tăng nhiệt độ vùng đáy chậu, da bìu ảnh hưởng xấu đến sức khỏe tinh hoàn. Điều này diễn ra thường xuyên, liên tục trong ngày sẽ làm tăng nguy cơ giảm chất lượng tinh trùng, dễ gây vô sinh.
Để không ảnh hưởng đến sức khỏe sinh sản, bạn nên hạn chế ngồi trên yên xe máy nóng, cần có miếng lót yên xe, tốt nhất nên để xe trong bóng mát, hoặc dùng bạt phủ. Bạn cũng cần tránh mặc quần bó sát, chất liệu không thấm hút.
Bên cạnh đó, bạn cũng cần tránh uống rượu bia, hút thuốc lá, làm việc căng thẳng và phòng các bệnh liên quan đến đường tình dục như sùi mào gà, lậu, giang mai...
Trong các nguyên nhân kể trên, bệnh dovirus HPVgây ra như sùi mào gà, ung thư vòm họng, hậu môn... dễ lây nhiễm qua đường tình dục, tiếp xúc da kề da. Theo các nghiên cứu, HPV có thể ảnh hưởng chất lượng khiến tinh trùng di chuyển yếu, giảm chất lượng hoặc lây nhiễm virus sang trứng và gây sảy thai. Sùi mào gà còn có thể làm tắc nghẽn ống dẫn tinh, niệu đạo, biến dạng dương vật, ngăn cản tinh trùng gặp trứng.
Hiện có hai loại vaccine phòng HPV, hiệu quả bảo vệ trên 90%. Vaccine Gardasil dành cho nữ từ 9 - 26 tuổi, phòng 4 type HPV gồm: 6, 11, 16 và 18. Trẻ từ 9 đến dưới 14 tuổi tiêm hai mũi, cách nhau 6-12 tháng, từ 14 đến 26 tuổi tiêm ba mũi.
Còn vaccine Gardasil 9 dành cho cả nam và nữ từ 9-45 tuổi, giúp phòng 9 type: 6, 11, 16, 18, 31, 33, 45, 52 và 58. Trẻ từ 9 đến dưới 15 tuổi tiêm hai mũi, cách nhau 6-12 tháng, từ 15 đến 45 tuổi tiêm ba mũi trong vòng 6 tháng.
Bạn là nam, đã 30 tuổi thì thuộc nhóm tiêm vaccine Gardasil 9, với lịch tiêm ba mũi trong vòng 6 tháng.
BS.CKI Nguyễn Công LuậnQuản lý Y khoa, Hệ thống Tiêm chủng VNVC",BS.CKI Nguyễn Công Luận,"sức khỏe, vaccine, tiêm chủng, phòng bệnh",Sức khỏe,0,https://vnexpress.net/suc-khoe/cam-nang/hoi-chung-horner-406
Nghệ sĩ đàn tỳ bà Diệu Thảo viết ca khúc về Tết bình an,Diệu Thảo - nổi tiếng qua phim ''Phía trước là bầu trời'' - gửi thông điệp đoàn viên trong năm mới qua ca khúc ''Tết bình an bên nhau''.,"Thứ tư, 18/2/2026, 22:56 (GMT+7)","Nhạc, Làng nhạc",https://i1-giaitri.vnecdn.net/2026/02/16/jum04882-1771210919-1771211263-9689-1771211412.jpg?w=680&h=0&q=100&dpr=1&fit=crop&s=bE2Fue91SCdQdr2tdZI6yQ,"Tác phẩm do Diệu Thảo sáng tác mang tinh thần tươi mới, giàu sức sống. Trước đó, nghệ sĩ phần lớn viết về màu sắc trữ tình, đôi khi phảng phất nét buồn, chiêm nghiệm cá nhân.
Theo Diệu Thảo, âm nhạc dân tộc và nhạc cụ truyền thống Việt Nam còn nhiều điều chưa được khai thác trọn vẹn. Quá trình học hỏi, sáng tạo, cô dần nhận ra những nét tương đồng giữa âm nhạc truyền thống và đời sống ngày nay.
Ca khúc được hình thành từ nhiều câu chuyện của Diệu Thảo. Có những năm cô đi công tác xa, sát Tết mới trở về nhà, thậm chí từng đón Tết ở một đất nước khác. Hay nghệ sĩ có một người bạn thân lấy chồng ở miền Tây, mỗi năm chỉ về Hà Nội vài dịp và Tết luôn là thời điểm được mong chờ nhất.
Tác phẩm có những câu: ''Ai đi xa cũng muốn về nhà. Ai đi đâu cũng nhớ mẹ cha. Tết có ông bà. Tết có niềm vui. Về với gia đình ấm áp mùa xuân''. Qua bài hát, Diệu Thảo gửi gắm mong muốn một năm mới sum vầy. ''Với tôi, Tết chỉ đơn giản là bình an bên những người thân yêu'', cô cho hay.
Đạo diễn Nhật Giang xây dựng MV như một chuỗi ký ức ngày Tết, kể câu chuyện của gia đình nhiều thế hệ. Hai chị em trở về nhà trên xe Cub cổ gợi nhiều hoài niệm, sau đó là những hình ảnh đời thường như quây quần bên ông bà, bố mẹ, cùng gói bánh chưng, dọn nhà, nhận lì xì. Không gian nhà cổ, mái ngói, sân gạch, gian bếp, nồi bánh chưng tạo cảm giác ấm áp, thân thuộc của Tết truyền thống.
Trong MV, chi tiết Diệu Thảo ôm đàn tỳ bà xuất hiện nhiều lần, khi độc tấu, lúc hòa cùng tốp tỳ bà. Qua đó, êkíp tôn vinh vẻ đẹp của nhạc cụ dân tộc, đồng thời khắc họa sự gắn bó giữa nghệ sĩ và cây đàn.
Ca sĩ Lưu Quốc Vượng cho biết khi nhận demo, anh ấn tượng với giai điệu bắt tai. Khi thể hiện, anh không đặt nặng kỹ thuật thanh nhạc mà hát bằng cảm xúc của người con luôn mong ngóng về với gia đình. Giọng ca 20 tuổi nói: ''Hình ảnh Tết xưa với mái nhà, bữa cơm sum vầy hiện lên rất tự nhiên trong đầu tôi. Cuộc sống có đổi thay, những giá trị truyền thống luôn ở đó, như một nơi để mỗi người tìm về"".
Diệu Thảo39 tuổi, được khán giả biết đến với vai Thảo trong phimPhía trước là bầu trời(2001). Sau series, cô tham gia một số dự ánKhi đàn chim trở về, Chớm nắngrồi rời màn ảnh. Diệu Thảo hiện là giảng viên chuyên ngành đàn tỳ bà của Học viện Âm nhạc Quốc gia Việt Nam. Năm ngoái, cô ra mắt dự án chào Tết Ất Tỵ 2025 với hơn 30 MV độc tấu tỳ bà, làm mới nhiều làn điệu dân gian nhưCô đôi thượng ngàn, Đào liễu.
Phương Linh",Phương Linh,"diệu thảo, diệu thảo \'phía trước là bầu trời\', tết bình an bên nhau",Sức khỏe,0,https://vnexpress.net/giam-bao-nhieu-kg-mot-thang-de-khong-hai-suc-khoe-5047306.html
"Các nhà thiết kế catwalk cùng hoa hậu, á hậu","TP HCMNhà mốt Liên Hương, Trần Thiện Khánh, Việt Hùng trình diễn thời trang cùng các nàng thơ tại sự kiện tôn vinh áo dài diễn ra, ở đường Nguyễn Huệ.","Chủ nhật, 8/3/2026, 11:45 (GMT+7)","Thời trang, Bộ sưu tập",https://i1-giaitri.vnecdn.net/2026/03/08/quan9742-1772927905-1772927970-1772931394.jpg?w=1200&h=0&q=100&dpr=1&fit=crop&s=XfPqe5ubxC7xrmeTQa-WCg,"Chương trình nghệ thuật áo dài với cuộc sống -Vietnam Beauty Fashion Fest- trong khuôn khổ Lễ hội Áo dài TP HCM lần thứ 12 diễn ra tối 7/3.
Ngoài giới thiệu bộ sưu tập, các nhà thiết kế còn catwalk cùng dàn hoa hậu, á hậu.
Hoa hậu Việt Nam 2018 Trần Tiểu Vy mặc áo dài Nhật Bình triều Nguyễn của nhà thiết kế Trần Thiện Khánh (phải). Thiết kế có cổ áo đối khâm vương giả, kết hợp những đường thêu hoa tỉ mỉ. Trần Thiện Khánh là một trong những tên tuổi tiêu biểu của dòng áo dài cảm hứng trang phục cung đình.
Chương trình nghệ thuật áo dài với cuộc sống -Vietnam Beauty Fashion Fest- trong khuôn khổ Lễ hội Áo dài TP HCM lần thứ 12 diễn ra tối 7/3.
Ngoài giới thiệu bộ sưu tập, các nhà thiết kế còn catwalk cùng dàn hoa hậu, á hậu.
Hoa hậu Việt Nam 2018 Trần Tiểu Vy mặc áo dài Nhật Bình triều Nguyễn của nhà thiết kế Trần Thiện Khánh (phải). Thiết kế có cổ áo đối khâm vương giả, kết hợp những đường thêu hoa tỉ mỉ. Trần Thiện Khánh là một trong những tên tuổi tiêu biểu của dòng áo dài cảm hứng trang phục cung đình.
Hoa hậu thế giới Việt Nam 2024 Lê Nguyễn Bảo Ngọc trong tà áo của nhà thiết kế Liên Hương (phải), người có hơn 30 năm gắn bó và tôn vinh áo truyền thống.
Hoa hậu thế giới Việt Nam 2024 Lê Nguyễn Bảo Ngọc trong tà áo của nhà thiết kế Liên Hương (phải), người có hơn 30 năm gắn bó và tôn vinh áo truyền thống.
Đức Vincie (phải) bên á hậu 2 Hoa hậu Liên lục địa 2023 Lê Nguyễn Ngọc Hằng. Cô diện thiết kế mang tênPhụng hàm thơ,lấy cảm hứng từ hình ảnh chim phụng hoàng tung cánh bay, mỏ ngậm dải lụa dài.
Đức Vincie (phải) bên á hậu 2 Hoa hậu Liên lục địa 2023 Lê Nguyễn Ngọc Hằng. Cô diện thiết kế mang tênPhụng hàm thơ,lấy cảm hứng từ hình ảnh chim phụng hoàng tung cánh bay, mỏ ngậm dải lụa dài.
Miss Charm 2025 Anna Blanco trình diễn áo dài của nhà thiết kế Việt Hùng (phải). Nhà mốt cách điệu phần cổ lấy cảm hứng từ áo yếm Bắc bộ, sử dụng kỹ thuật đính kết hoa 3D trên phần thân trang phục và mấn đội đầu.
Miss Charm 2025 Anna Blanco trình diễn áo dài của nhà thiết kế Việt Hùng (phải). Nhà mốt cách điệu phần cổ lấy cảm hứng từ áo yếm Bắc bộ, sử dụng kỹ thuật đính kết hoa 3D trên phần thân trang phục và mấn đội đầu.
Nhà mốt Đinh Văn Thơ (phải) catwak cùng Hoa hậu Hòa bình Quốc tế 2023 Lê Hoàng Phương. Anh dùng kỹ thuật thêu hai mặt, vẽ tay và đính kết thủ công thể hiện ý tưởng bốn mùa xuân hạ thu đông với những mảng màu chuyển sắc trên trang phục.
Nhà mốt Đinh Văn Thơ (phải) catwak cùng Hoa hậu Hòa bình Quốc tế 2023 Lê Hoàng Phương. Anh dùng kỹ thuật thêu hai mặt, vẽ tay và đính kết thủ công thể hiện ý tưởng bốn mùa xuân hạ thu đông với những mảng màu chuyển sắc trên trang phục.
Nhà thiết kế Song Toàn cùng Nguyễn Trần Khánh Vân - Hoa hậu Hoàn vũ Việt Nam 2019 (giữa) - với thiết kế mang tênHoàng phượng.Toàn bộ thân áo được phủ những đường nét thêu đính, mô phỏng đôi cánh phượng hoàng ôm lấy cơ thể. Từng sợi lông vũ tạo hiệu ứng thị giác khi chuyển động.
Nhà thiết kế Song Toàn cùng Nguyễn Trần Khánh Vân - Hoa hậu Hoàn vũ Việt Nam 2019 (giữa) - với thiết kế mang tênHoàng phượng.Toàn bộ thân áo được phủ những đường nét thêu đính, mô phỏng đôi cánh phượng hoàng ôm lấy cơ thể. Từng sợi lông vũ tạo hiệu ứng thị giác khi chuyển động.
Hoa hậu Thế giới Việt Nam 2019 Lương Thùy Linh mặc thiết kế trong bộ sưu tập mang tênLóng đôicủa Phạm Văn Tuyền (phải). Mẫu đồ lấy cảm hứng từ nguyên lý tạo hình theo cặp trong mỹ thuật và kỹ nghệ truyền thống, đề cao sự đối xứng.
Hoa hậu Thế giới Việt Nam 2019 Lương Thùy Linh mặc thiết kế trong bộ sưu tập mang tênLóng đôicủa Phạm Văn Tuyền (phải). Mẫu đồ lấy cảm hứng từ nguyên lý tạo hình theo cặp trong mỹ thuật và kỹ nghệ truyền thống, đề cao sự đối xứng.
Nam vương Thế giới Việt Nam 2024 Phạm Tuấn Ngọc thể hiện thiết kế của Ivan Trần (phải).
Nam vương Thế giới Việt Nam 2024 Phạm Tuấn Ngọc thể hiện thiết kế của Ivan Trần (phải).
Nhà thiết kế Ngô Nhật Huy (phải) bên Hoa hậu Quốc tế 2024 Huỳnh Thị Thanh Thủy với trang phục mang tênLong phượng vân ca. Tà áo dài lấy cảm hứng từ họa tiết đặc trưng và nét văn hóa xứ Huế. Thiết kế có chất liệu đũi lanh và voan tơ lụa, kết hợp họa tiết rồng được thêu, đính kết thủ công.
Nhà thiết kế Ngô Nhật Huy (phải) bên Hoa hậu Quốc tế 2024 Huỳnh Thị Thanh Thủy với trang phục mang tênLong phượng vân ca. Tà áo dài lấy cảm hứng từ họa tiết đặc trưng và nét văn hóa xứ Huế. Thiết kế có chất liệu đũi lanh và voan tơ lụa, kết hợp họa tiết rồng được thêu, đính kết thủ công.
Từ trái sang: Hoa hậu Lương Thùy Linh, Trần Tiểu Vy, Huỳnh Thị Thanh Thủy.
Từ trái sang: Hoa hậu Lương Thùy Linh, Trần Tiểu Vy, Huỳnh Thị Thanh Thủy.
Bộ sưu tậpVàng son và khát vọngvới chất liệu chủ đạo là tơ tằmcủa nhà thiết kế Trung Đinh. Video:HTV1
Chương trình còn giới thiệu bốn bộ sưu tập của nhà thiết kế Việt Hùng, Song Toàn, Minh Châu và Trung Đinh với chủ đềXanh. Các mẫu đồ sử dụng chất liệu thân thiện môi trường, gắn liền đời sống và sản xuất nông nghiệp.
Lễ hội áo dài TP HCM 2026do Sở Du lịch TP HCM và Hội Liên hiệp Phụ nữ TP HCM chủ trì, năm nay hướng tới nhiều dấu mốc: kỷ niệm 50 năm ngày Sài Gòn - Gia Định mang tên TP HCM, 1.986 năm khởi nghĩa Hai Bà Trưng và 116 năm Ngày Quốc tế Phụ nữ 8/3.
Chương trình còn giới thiệu bốn bộ sưu tập của nhà thiết kế Việt Hùng, Song Toàn, Minh Châu và Trung Đinh với chủ đềXanh. Các mẫu đồ sử dụng chất liệu thân thiện môi trường, gắn liền đời sống và sản xuất nông nghiệp.
Lễ hội áo dài TP HCM 2026do Sở Du lịch TP HCM và Hội Liên hiệp Phụ nữ TP HCM chủ trì, năm nay hướng tới nhiều dấu mốc: kỷ niệm 50 năm ngày Sài Gòn - Gia Định mang tên TP HCM, 1.986 năm khởi nghĩa Hai Bà Trưng và 116 năm Ngày Quốc tế Phụ nữ 8/3.
Hoàng Dung - Minh Quân",Hoàng Dung - Minh Quân,"lễ hội áo dài tp hcm 2026, 29 nhà thiết kế, dàn hoa hậu, tp hcm",Giải trí,0,https://vnexpress.net/giai-tri/phim/thu-vien-phim/bau-vat-troi-cho-881
"Các nhà thiết kế catwalk cùng hoa hậu, á hậu","TP HCMNhà mốt Liên Hương, Trần Thiện Khánh, Việt Hùng trình diễn thời trang cùng các nàng thơ tại sự kiện tôn vinh áo dài diễn ra, ở đường Nguyễn Huệ.","Chủ nhật, 8/3/2026, 11:45 (GMT+7)","Thời trang, Bộ sưu tập",https://i1-giaitri.vnecdn.net/2026/03/08/quan9742-1772927905-1772927970-1772931394.jpg?w=1200&h=0&q=100&dpr=1&fit=crop&s=XfPqe5ubxC7xrmeTQa-WCg,"Chương trình nghệ thuật áo dài với cuộc sống -Vietnam Beauty Fashion Fest- trong khuôn khổ Lễ hội Áo dài TP HCM lần thứ 12 diễn ra tối 7/3.
Ngoài giới thiệu bộ sưu tập, các nhà thiết kế còn catwalk cùng dàn hoa hậu, á hậu.
Hoa hậu Việt Nam 2018 Trần Tiểu Vy mặc áo dài Nhật Bình triều Nguyễn của nhà thiết kế Trần Thiện Khánh (phải). Thiết kế có cổ áo đối khâm vương giả, kết hợp những đường thêu hoa tỉ mỉ. Trần Thiện Khánh là một trong những tên tuổi tiêu biểu của dòng áo dài cảm hứng trang phục cung đình.
Chương trình nghệ thuật áo dài với cuộc sống -Vietnam Beauty Fashion Fest- trong khuôn khổ Lễ hội Áo dài TP HCM lần thứ 12 diễn ra tối 7/3.
Ngoài giới thiệu bộ sưu tập, các nhà thiết kế còn catwalk cùng dàn hoa hậu, á hậu.
Hoa hậu Việt Nam 2018 Trần Tiểu Vy mặc áo dài Nhật Bình triều Nguyễn của nhà thiết kế Trần Thiện Khánh (phải). Thiết kế có cổ áo đối khâm vương giả, kết hợp những đường thêu hoa tỉ mỉ. Trần Thiện Khánh là một trong những tên tuổi tiêu biểu của dòng áo dài cảm hứng trang phục cung đình.
Hoa hậu thế giới Việt Nam 2024 Lê Nguyễn Bảo Ngọc trong tà áo của nhà thiết kế Liên Hương (phải), người có hơn 30 năm gắn bó và tôn vinh áo truyền thống.
Hoa hậu thế giới Việt Nam 2024 Lê Nguyễn Bảo Ngọc trong tà áo của nhà thiết kế Liên Hương (phải), người có hơn 30 năm gắn bó và tôn vinh áo truyền thống.
Đức Vincie (phải) bên á hậu 2 Hoa hậu Liên lục địa 2023 Lê Nguyễn Ngọc Hằng. Cô diện thiết kế mang tênPhụng hàm thơ,lấy cảm hứng từ hình ảnh chim phụng hoàng tung cánh bay, mỏ ngậm dải lụa dài.
Đức Vincie (phải) bên á hậu 2 Hoa hậu Liên lục địa 2023 Lê Nguyễn Ngọc Hằng. Cô diện thiết kế mang tênPhụng hàm thơ,lấy cảm hứng từ hình ảnh chim phụng hoàng tung cánh bay, mỏ ngậm dải lụa dài.
Miss Charm 2025 Anna Blanco trình diễn áo dài của nhà thiết kế Việt Hùng (phải). Nhà mốt cách điệu phần cổ lấy cảm hứng từ áo yếm Bắc bộ, sử dụng kỹ thuật đính kết hoa 3D trên phần thân trang phục và mấn đội đầu.
Miss Charm 2025 Anna Blanco trình diễn áo dài của nhà thiết kế Việt Hùng (phải). Nhà mốt cách điệu phần cổ lấy cảm hứng từ áo yếm Bắc bộ, sử dụng kỹ thuật đính kết hoa 3D trên phần thân trang phục và mấn đội đầu.
Nhà mốt Đinh Văn Thơ (phải) catwak cùng Hoa hậu Hòa bình Quốc tế 2023 Lê Hoàng Phương. Anh dùng kỹ thuật thêu hai mặt, vẽ tay và đính kết thủ công thể hiện ý tưởng bốn mùa xuân hạ thu đông với những mảng màu chuyển sắc trên trang phục.
Nhà mốt Đinh Văn Thơ (phải) catwak cùng Hoa hậu Hòa bình Quốc tế 2023 Lê Hoàng Phương. Anh dùng kỹ thuật thêu hai mặt, vẽ tay và đính kết thủ công thể hiện ý tưởng bốn mùa xuân hạ thu đông với những mảng màu chuyển sắc trên trang phục.
Nhà thiết kế Song Toàn cùng Nguyễn Trần Khánh Vân - Hoa hậu Hoàn vũ Việt Nam 2019 (giữa) - với thiết kế mang tênHoàng phượng.Toàn bộ thân áo được phủ những đường nét thêu đính, mô phỏng đôi cánh phượng hoàng ôm lấy cơ thể. Từng sợi lông vũ tạo hiệu ứng thị giác khi chuyển động.
Nhà thiết kế Song Toàn cùng Nguyễn Trần Khánh Vân - Hoa hậu Hoàn vũ Việt Nam 2019 (giữa) - với thiết kế mang tênHoàng phượng.Toàn bộ thân áo được phủ những đường nét thêu đính, mô phỏng đôi cánh phượng hoàng ôm lấy cơ thể. Từng sợi lông vũ tạo hiệu ứng thị giác khi chuyển động.
Hoa hậu Thế giới Việt Nam 2019 Lương Thùy Linh mặc thiết kế trong bộ sưu tập mang tênLóng đôicủa Phạm Văn Tuyền (phải). Mẫu đồ lấy cảm hứng từ nguyên lý tạo hình theo cặp trong mỹ thuật và kỹ nghệ truyền thống, đề cao sự đối xứng.
Hoa hậu Thế giới Việt Nam 2019 Lương Thùy Linh mặc thiết kế trong bộ sưu tập mang tênLóng đôicủa Phạm Văn Tuyền (phải). Mẫu đồ lấy cảm hứng từ nguyên lý tạo hình theo cặp trong mỹ thuật và kỹ nghệ truyền thống, đề cao sự đối xứng.
Nam vương Thế giới Việt Nam 2024 Phạm Tuấn Ngọc thể hiện thiết kế của Ivan Trần (phải).
Nam vương Thế giới Việt Nam 2024 Phạm Tuấn Ngọc thể hiện thiết kế của Ivan Trần (phải).
Nhà thiết kế Ngô Nhật Huy (phải) bên Hoa hậu Quốc tế 2024 Huỳnh Thị Thanh Thủy với trang phục mang tênLong phượng vân ca. Tà áo dài lấy cảm hứng từ họa tiết đặc trưng và nét văn hóa xứ Huế. Thiết kế có chất liệu đũi lanh và voan tơ lụa, kết hợp họa tiết rồng được thêu, đính kết thủ công.
Nhà thiết kế Ngô Nhật Huy (phải) bên Hoa hậu Quốc tế 2024 Huỳnh Thị Thanh Thủy với trang phục mang tênLong phượng vân ca. Tà áo dài lấy cảm hứng từ họa tiết đặc trưng và nét văn hóa xứ Huế. Thiết kế có chất liệu đũi lanh và voan tơ lụa, kết hợp họa tiết rồng được thêu, đính kết thủ công.
Từ trái sang: Hoa hậu Lương Thùy Linh, Trần Tiểu Vy, Huỳnh Thị Thanh Thủy.
Từ trái sang: Hoa hậu Lương Thùy Linh, Trần Tiểu Vy, Huỳnh Thị Thanh Thủy.
Bộ sưu tậpVàng son và khát vọngvới chất liệu chủ đạo là tơ tằmcủa nhà thiết kế Trung Đinh. Video:HTV1
Chương trình còn giới thiệu bốn bộ sưu tập của nhà thiết kế Việt Hùng, Song Toàn, Minh Châu và Trung Đinh với chủ đềXanh. Các mẫu đồ sử dụng chất liệu thân thiện môi trường, gắn liền đời sống và sản xuất nông nghiệp.
Lễ hội áo dài TP HCM 2026do Sở Du lịch TP HCM và Hội Liên hiệp Phụ nữ TP HCM chủ trì, năm nay hướng tới nhiều dấu mốc: kỷ niệm 50 năm ngày Sài Gòn - Gia Định mang tên TP HCM, 1.986 năm khởi nghĩa Hai Bà Trưng và 116 năm Ngày Quốc tế Phụ nữ 8/3.
Chương trình còn giới thiệu bốn bộ sưu tập của nhà thiết kế Việt Hùng, Song Toàn, Minh Châu và Trung Đinh với chủ đềXanh. Các mẫu đồ sử dụng chất liệu thân thiện môi trường, gắn liền đời sống và sản xuất nông nghiệp.
Lễ hội áo dài TP HCM 2026do Sở Du lịch TP HCM và Hội Liên hiệp Phụ nữ TP HCM chủ trì, năm nay hướng tới nhiều dấu mốc: kỷ niệm 50 năm ngày Sài Gòn - Gia Định mang tên TP HCM, 1.986 năm khởi nghĩa Hai Bà Trưng và 116 năm Ngày Quốc tế Phụ nữ 8/3.
Hoàng Dung - Minh Quân",Hoàng Dung - Minh Quân,"lễ hội áo dài tp hcm 2026, 29 nhà thiết kế, dàn hoa hậu, tp hcm",Giải trí,0,https://vnexpress.net/giai-tri/phim/thu-vien-phim/bridgerton-36/season-4
"Vì sao mắt khô, kích ứng dù không dùng điện thoại?","Nhiều nguyên nhân trong sinh hoạt hằng ngày như ô nhiễm, thiếu ngủ, dị ứng, điều hòa không khí gây khó chịu cho mắt dù không tiếp xúc lâu với thiết bị điện tử.","Thứ năm, 12/3/2026, 15:00 (GMT+7)","Các bệnh, Nhãn khoa",https://i1-suckhoe.vnecdn.net/2026/03/10/chien-ran-1773131330-177313135-1140-2177-1773131421.png?w=180&h=108&q=100&dpr=1&fit=crop&s=B8Do7zbG6hUypkVa-cm1JQ,"Mắt được bảo vệ bởi lớp phim nước mắt mỏng giúp bề mặt luôn trơn láng và dễ chịu. Khi lớp màng này mất ổn định, mắt dễ xuất hiện cảm giác khô, ngứa hoặc đau rát. Sử dụng điện thoại trong thời gian dài có thể làm giảm tần suất chớp mắt khiến mắt nhanh khô, mỏi. Trong khi đó, nhiều thói quen và yếu tố môi trường trong cuộc sống hiện đại có thể âm thầm làm rối loạn lớp bảo vệ này mà nhiều người không nhận ra.
Bệnh khô mắt
Hội chứng khô mắt là tình trạng mắt không tiết đủ nước mắt hoặc nước mắt bốc hơi quá nhanh. Nước mắt không chỉ đơn thuần là nước mà còn chứa dầu, chất nhầy và các protein bảo vệ giúp giữ bề mặt mắt trơn mịn và ngăn ngừa nhiễm trùng. Khi sự cân bằng của hỗn hợp này bị phá vỡ, kích ứng sẽ bắt đầu xuất hiện.
Theo Viện Y tế Quốc gia Mỹ (NIH), bệnh khô mắt có thể do môi trường, thuốc, thay đổi nội tiết và lão hóa, chứ không chỉ do căng thẳng từ thiết bị kỹ thuật số. Vì vậy, ngay cả những người ít dùng màn hình vẫn có thể cảm thấy mắt khô hoặc nóng rát kéo dài.
Điều hòa, ô nhiễm và chất lượng không khí
Không khí trong nhà, văn phòng hay phương tiện di chuyển thường phụ thuộc vào điều hòa và hệ thống thông gió nhân tạo. Dù tạo cảm giác dễ chịu, các hệ thống này lại làm giảm độ ẩm khiến nước mắt bốc hơi nhanh hơn. Ô nhiễm và bụi bẩn cũng làm tăng kích ứng mắt.
Các chất ô nhiễm trong không khí và môi trường khô có thể khiến mắt đỏ, ngứa và khó chịu nhiều hơn. Ở những thành phố có mức ô nhiễm cao, lớp bảo vệ tự nhiên của mắt thường phải hoạt động quá mức.
Ít chớp mắt
Chớp mắttưởng chừng là phản xạ tự nhiên nhưng lại đóng vai trò quan trọng đối với sức khỏe mắt. Mỗi lần chớp mắt giúp phân bố đều lớp nước mắt trên bề mặt mắt. Khi tập trung vào các công việc cần sự chú ý cao, tần suất chớp mắt thường giảm. Đọc sách, may vá, viết trong thời gian dài hoặc lái xe đường dài đều có thể làm giảm số lần chớp mắt. Khi đó, lớp phim nước mắt bắt đầu bị phá vỡ, tạo ra những vùng khô trên bề mặt mắt. Vì vậy, kích ứng có thể xuất hiện ngay cả khi không liên quan đến màn hình điện tử.
Dị ứng
Dị ứng theo mùa không chỉ gây hắt hơi mà còn thường xuyên kích ứng mắt. Tiếp xúc với phấn hoa, mạt bụi, bào tử nấm mốc hoặc lông thú cưng có thể gây viêm các mô nhạy cảm quanh mắt, dẫn đến ngứa, đỏ, chảy nước mắt và kích ứng. Nhiều người nghĩ rằng mắt mình chỉ đơn giản là bị mỏi, trong khi nguyên nhân thực sự có thể là dị ứng từ môi trường.
Mất nước, thiếu ngủ và những yếu tố sức khỏe tiềm ẩn
Mắt phản ứng rất nhanh với tình trạng sức khỏe tổng thể của cơ thể. Khi cơ thể không được cung cấp đủ nước, lượng nước mắt có thể giảm. Thiếu ngủ cũng ảnh hưởng đến các tuyến tiết dầu cho lớp phim nước mắt. Chế độ dinh dưỡng thiếu hụt cũng có thể góp phần gây khô mắt. Vitamin A, vitamin D và axit béo omega-3 giúp duy trì bề mặt mắt khỏe mạnh. Khi chế độ ăn thiếu các chất này, tình trạng khô mắt có thể trở nên phổ biến hơn.
Các vấn đề về thị lực cũng có thể gây căng thẳng cho mắt. Nếu mắt phải cố gắng điều tiết dotật khúc xạchưa được điều chỉnh, các cơ quanh mắt làm việc nhiều hơn, dẫn đến kích ứng và mệt mỏi.
Bảo Bảo(TheoHealthline)",Bảo Bảo,"khô mắt, mắt, thị lực",Giải trí,0,https://vnexpress.net/giai-tri/phim/thu-vien-phim/can-this-love-be-translated-872
Mổ ruột thừa một lỗ cho người bệnh 30 năm truyền máu,"Bệnh nhân Thalassemia bị viêm ruột thừa cấp phải phẫu thuật song nguy cơ mất máu khó kiểm soát, bác sĩ sử dụng kỹ thuật nội soi trocar một lỗ thay vì hai lỗ để hạn chế rủi ro.","Thứ tư, 11/3/2026, 18:00 (GMT+7)",Tin tức,https://i1-suckhoe.vnecdn.net/2026/03/11/Pha-u-thua-t-vie-m-ruo-t-thu-a-8856-6173-1773203327.jpg?w=680&h=0&q=100&dpr=1&fit=crop&s=wRsuo7uOm1gr676PNoSVgw,"Ngày 11/3, ThS.BS Phan Bảo Toàn, Bệnh viện Gia An 115, cho biết nam bệnh nhân 31 tuổi nhập viện vì đau hố chậu phải và sốt, được chẩn đoán viêm ruột thừa cấp cần phẫu thuật khẩn. Tuy nhiên, ca mổ tiềm ẩn nhiều nguy cơ do bệnh nhân mắc Thalassemia (tan máu bẩm sinh) thể nặng.
Suốt 30 năm, mỗi tháng bệnh nhân phải truyền hai đơn vị máu để duy trì sự sống. Truyền máu kéo dài gây quá tải sắt khiến gan, lách to; khi nhập viện bệnh nhân thiếu máu nặng và rối loạn đông máu, làm tăng nguy cơ suy tim, suy hô hấp và chảy máu khó cầm khi phẫu thuật.
Sau hội chẩn, êkíp quyết định cắt ruột thừa bằng nội soi một trocar. Bác sĩ chỉ rạch một đường khoảng một cm tại rốn để đưa camera và dụng cụ vào ổ bụng, thay vì đặt ba trocar tại rốn, hố chậu phải và vùng trên xương mu như thông thường. Sau mổ, bệnh nhân được theo dõi sát, truyền bổ sung hồng cầu và kiểm soát các chỉ số đông máu, hiện sức khỏe ổn định và vừa xuất viện.
Theo bác sĩ Toàn, kỹ thuật này khó hơn vì mọi dụng cụ đi qua cùng một vị trí, bác sĩ phải thao tác chính xác trong không gian hẹp. Tuy vậy, việc chỉ xâm nhập ổ bụng qua một lỗ giúp giảm sang chấn thành bụng, ít đau, hồi phục nhanh, hạn chế nguy cơ chảy máu và nhiễm trùng - đặc biệt quan trọng với bệnh nhân rối loạn đông máu. Kỹ thuật này được triển khai tại viện gần một năm qua, thường áp dụng cho viêm ruột thừa chưa biến chứng; trường hợp phức tạp có thể chuyển sang mổ nội soi 2-3 trocar.
Thalassemia là bệnh máu di truyền phổ biến, ước tính khoảng 14 triệu người Việt mang gene bệnh. Bệnh di truyền theo cơ chế lặn trên nhiễm sắc thể thường. Khi cả vợ chồng cùng mang gene bệnh, mỗi lần sinh có 25% nguy cơ con mắc bệnh, 50% con mang một gene bệnh và 25% khả năng con hoàn toàn bình thường.
Người mắc Thalassemia phải định kỳ truyền máu, thải sắt và điều trị các biến chứng suốt đời. Do đó, việc sàng lọc Thalassemia cần được thực hiện sớm. Thanh niên và các cặp đôi trong độ tuổi sinh sản nên chủ động xét nghiệm, tầm soát gene bệnh sớm để có kế hoạch tư vấn và phòng ngừa phù hợp.
Lê Phương",Lê Phương,"mổ ruột thừa, viêm ruột thừa",Sức khỏe,0,https://vnexpress.net/suc-khoe/cam-nang/hoi-chung-lynch-409
Ống thông bị bỏ quên trong cơ thể người đàn ông suốt hai năm,"Cao BằngNgười đàn ông 56 tuổi, mổ sỏi thận, đặt sonde JJ niệu quản nhưng không tái khám, sau hai năm bị biến chứng phải nhập viện cấp cứu.","Thứ năm, 12/3/2026, 10:13 (GMT+7)",Tin tức,https://i1-suckhoe.vnecdn.net/2026/03/11/650281461-1789055825571641-567-6071-7238-1773231856.jpg?w=680&h=0&q=100&dpr=1&fit=crop&s=498NyJ9EgmHk7FbJj8IRuQ,"Ngày 11/3, các bác sĩ Bệnh viện Đa khoa tỉnh Cao Bằng cho biết bệnh nhân gặp biến chứng do quên sonde JJ sau phẫu thuật sỏi tiết niệu hai năm trước.
Ông có tiền sử sỏi thận, đã can thiệp tán sỏi, đặt sonde. Bác sĩ hẹn tái khám trong hai tuần để tháo ống thông, tuy nhiên bệnh nhân quên lịch. Gần đây, ông đau mỏi vùng thắt lưng, đau bụng âm ỉ, tiểu buốt, tiểu ra máu, siêu âm phát hiện sỏi bàng quang, giãn đài bể thận và sỏi thận phải, sonde JJ vẫn còn trong đường tiết niệu. Bệnh nhân phải phẫu thuật lấy sonde ra, kết hợp điều trị, theo dõi nội khoa.
Sonde JJ là một loại ống thông niệu quản thường được đặt sau phẫu thuật sỏi thận hoặc sỏi niệu quản nhằm giúp dẫn lưu nước tiểu từ thận xuống bàng quang, đảm bảo lưu thông đường niệu trong thời gian hồi phục. Tuy nhiên, loại ống này chỉ nên lưu trong cơ thể trong thời gian nhất định, thường từ vài tuần đến vài tháng tùy từng trường hợp cụ thể.
Việc để sonde JJ trong cơ thể quá lâu có thể dẫn đến lắng đọng muối khoáng, hình thành sỏi bám quanh ống, gây tắc nghẽn đường tiết niệu, nhiễm trùng, đau đớn kéo dài và làm tăng nguy cơ biến chứng cho người bệnh. Trong nhiều trường hợp, sonde bị ""quên"" trong cơ thể quá lâu sẽ khiến việc điều trị trở nên phức tạp hơn, thậm chí phải can thiệp ngoại khoa để xử lý.
Bác sĩ khuyến cáo sau phẫu thuật, người bệnh cần tuân thủ nghiêm túc lịch tái khám, ghi nhớ thời gian cần tháo sonde theo chỉ định. Ngay cả khi cơ thể không xuất hiện triệu chứng bất thường, người bệnh cần ghi nhớ lịch khám để kiểm tra quá trình hồi phục và phòng ngừa các biến chứng. Khi có các dấu hiệu như đau vùng thắt lưng, tiểu buốt, tiểu ra máu, sốt hoặc tiểu khó, người bệnh cần nhanh chóng đến cơ sở y tế để được thăm khám và xử trí kịp thời.
Thùy An",Thùy An,"cao bằng, sỏi thận, niệu quản",Sức khỏe,0,https://vnexpress.net/doi-mat-tiet-lo-dieu-gi-ve-suc-khoe-cua-ban-5046484.html
Bác sĩ chỉ ra 5 thói quen buổi tối giúp ngủ ngon,"Duy trì giờ ngủ ổn định, ăn tối nhẹ, vận động vừa phải, thư giãn trước khi ngủ, góp phần cải thiện chất lượng giấc ngủ.","Thứ ba, 3/3/2026, 14:00 (GMT+7)","Các bệnh, Thần kinh",https://i1-suckhoe.vnecdn.net/2026/03/03/ta-p-the-thao-nhe-nha-ng-va-o-5254-6076-1772506569.jpg?w=680&h=0&q=100&dpr=1&fit=crop&s=dze5aCbeTlmGxK2CdHAWEA,"Giấc ngủ giúp cơ thể phục hồi năng lượng, cân bằng hệ thần kinh, đảm bảo các hoạt động hàng ngày. Ngủ ngon và đủ giấc góp phần nâng cao khả năng ghi nhớ, hiệu suất học tập và làm việc. Căng thẳng, mệt mỏi có thể làm tăng các gốc tự do, gây tổn thương tế bào thần kinh, cản trở quá trình tuần hoàn máu và cung cấp oxy cho não bộ, ảnh hưởng đến chất lượng giấc ngủ.
Bác sĩ Hoàng Quyết Tiến, Trung tâm Thông tin Y khoa, Bệnh viện Đa khoa Tâm Anh TP HCM, chia sẻ những thói quen nên duy trì mỗi ngày để có giấc ngủ ngon.
Duy trì khung giờ ngủ ổn định
Đi ngủ và thức dậy vào cùng một khung giờ mỗi ngày hỗ trợ não đồng bộ với nhịp sinh học tự nhiên của cơ thể. Khi lịch ngủ ổn định, hormone melatonin được tiết ra đúng thời điểm, giúp dễ đi vào giấc, ngủ sâu. Ngược lại, thói quen ngủ thất thường làm rối loạn nhịp sinh học, gây mệt mỏi, giảm tập trung vào ban ngày.
Ăn tối nhẹ, tránh các chất kích thích
Ăn tối muộn hoặc ăn quá no dễ gây khó tiêu và ảnh hưởng đến chất lượng giấc ngủ. Sử dụng các chất kích thích như cà phê, trà, rượu bia vào buổi chiều tối khiến hệ thần kinh hưng phấn quá mức, dẫn đến khó ngủ hoặcngủ không sâu.
Bạn nên chọn thực phẩm dễ tiêu cho bữa tối và kết thúc bữa ăn trước giờ ngủ khoảng 2-3 tiếng để cơ thể có nhiều thời gian tiêu hóa. Ưu tiên sữa ấm pha mật ong hoặc trà thảo mộc nhằm hỗ trợ thư giãn đầu óc trước khi ngủ. Có thể bổ sung các dưỡng chất thiên nhiên như blueberry (việt quất) và ginkgo biloba (bạch quả). Đây là dưỡng chất có tác dụng trung hòa gốc tự do, tăng cường tuần hoàn máu lên não, hỗ trợ tăng kết nối thần kinh, giúp giấc ngủ ngon và sâu hơn.
Vận động vừa phải
Tập thể dục đều đặn góp phần cải thiện giấc ngủ nhờgiảm căng thẳng, điều chỉnh đồng hồ sinh học. Tuy nhiên, buổi tối nên tập với cường độ vừa phải, kết thúc bài tập trước giờ ngủ khoảng hai tiếng. Ưu tiên hình thức vận động nhẹ như đi bộ, giãn cơ, yoga...
Thư giãn trước khi ngủ
Tắm nước ấm giúp cơ thể thư giãn, giãn mạch máu và giảm nhịp tim, dễ đi vào giấc ngủ, giảm trằn trọc. Nghe nhạc nhẹ trước khi ngủ là cách thiết lập đồng hồ sinh học cho não bộ, nâng cao chất lượng giấc ngủ.
Hạn chế thiết bị điện tử
Ánh sáng xanh từ điện thoại, máy tính, tivi có thể ức chế quá trình tiết hormone này, khiến não bộ duy trì trạng thái tỉnh táo lâu hơn. Hạn chế sử dụng các thiết bị này trước khi ngủ khoảng 30-60 phút để bảo vệ chu kỳ ngủ - thức tự nhiên.
Bác sĩ Tiến khuyên người trưởng thành nếu thường xuyên mất ngủ, khó vào giấc hoặc trằn trọc kéo dài, nên đến bệnh viện có các chuyên khoa thần kinh để được kiểm tra, xác định nguyên nhân, từ đó có hướng điều trị hợp lý.
Đình Diệu",Đình Diệu,"mất ngủ, ngủ ngon",Giải trí,0,https://vnexpress.net/giai-tri/phim/thu-vien-phim/tai-883
"6 loại hạt hỗ trợ cân bằng huyết áp, cholesterol","Thêm hạnh nhân, đậu phộng, mắc ca vào bữa ăn giúp bổ sung chất béo tốt, góp phần ổn định huyết áp và cải thiện cholesterol.","Thứ hai, 23/2/2026, 16:00 (GMT+7)","Các bệnh, Tim mạch",https://i1-suckhoe.vnecdn.net/2026/02/14/d59d4953990b4aea84652a6e73546b-3388-2809-1771065812.png?w=180&h=108&q=100&dpr=1&fit=crop&s=ZZItBKrCFayxq77uMX09vQ,"Hạt óc chó
Hạt óc chó giàu omega-3 thực vật, có thể hỗ trợ giảm cholesterol xấu, cải thiện cholesterol tốt và bảo vệ sức khỏe tim mạch. Mỗi người có thể duy trì khoảng 28-30 g (một nắm nhỏ) mỗi ngày như một phần của chế độ ăn cân đối.
Hạnh nhân
Hạnh nhân có chất béo không bão hòa đơn và chất béo không bão hòa đa, cả hai đều có lợi cho sức khỏe tim mạch. Những chất dinh dưỡng này giúp giảm cholesterol xấu bởi cơ thể nhiều cholesterol xấu góp phần tích tụ chất béo trong động mạch. Hạnh nhân còn cung cấp chất chống oxy hóa bao gồm flavonoid và vitamin E. Những người có thói quen tiêu thụ hạnh nhân mỗi ngày có thể làm giảm viêm.
Hạt phỉ
Hạt phỉ cung cấp các axit béo không bão hòa đơn giúp tăng cholesterol tốt, đồng thời giảm mức triglyceride. Nồng độ triglyceride cao (trên 150 mg/dL) làm tăng nguy cơ mỡ máu, xơ vữa động mạch, đau tim. Loại hạt này còn chứa chất chống oxy hóa, vitamin E có tác dụng làm giãn mạch, điều hòa huyết áp.
Hạt hồ đào
Bổ sung hồ đào hỗ trợ giảm mức cholesterol và triglyceride, từ đó giảm nguy cơ mắc bệnh tim mạch. Chúng còn có đặc tính chống oxy hóa, chống viêm mạnh mẽ. Quả hồ đào chứa một lượng nhỏ axit béo omega-3. Mỗi người nên tiêu thụ hạt hồ đào điều độ do hàm lượng calo cao. 28 g hạt hồ đào chứa khoảng 196 calo.
Thực phẩm giàu chất chống oxy hóa có thể bảo vệ tế bào khỏi tổn thương do các gốc tự do và stress oxy hóa gây ra. Gốc tự do là những phân tử có tính phản ứng cao, gây tổn thương DNA, tế bào và mô. Stress oxy hóa xảy ra khi lượng gốc tự do vượt quá lượng chất chống oxy hóa, dẫn đến tổn thương liên quan đến bệnh mạn tính.
Hạt mắc ca
Thường xuyên ăn hạt mắc ca có thể giảm tổnglượng cholesterolvà apolipoprotein B (apoB) - loại protein này vận chuyển chất béo trong cơ thể. Nồng độ apoB cao có liên quan đến tăng nguy cơ mắc bệnh tim, đau tim và đột quỵ.
Đậu phộng
Thêm đậu phộng vào chế độ ăn uống cân bằng có thể giảm mức cholesterol xấu, cải thiện sức khỏe tim mạch nhờ giàu chất béo lành mạnh, protein, chất xơ - những chất này kết hợp cùng nhau giúp duy trì mức cholesterol, giảm nguy cơ mắc bệnh tim. Đậu phộng chứa polyphenol có tác dụng hạ huyết áp. Chúng cũng cung cấp protein tốt giúp mạch máu hoạt động tốt bằng cách thúc đẩy giải phóng oxit nitric.
Lê Nguyễn(TheoVery Well Health)",Lê Nguyễn,"tim mạch, huyết áp, cholesterol",Giải trí,0,https://vnexpress.net/giai-tri/phim/thu-vien-phim/eternal-sunshine-of-the-spotless-mind-73
Viêm mê đạo tai,,"Thứ ba, 3/3/2026, 17:21 (GMT+7)",Các bệnh,,"Viêm mê đạo tai là tình trạng viêm tai trong, thường chỉ ảnh hưởng một bên, gây chóng mặt quay cuồng và có thể kèm giảm thính lực.

Khởi phát đột ngột với chóng mặt dữ dội, có thể kéo dài vài giờ đến vài ngày. Sau giai đoạn cấp, người bệnh còn cảm giác mất thăng bằng.Triệu chứng đi kèm gồm:

Nguyên nhân thường gặp nhất là virus đường hô hấp, ngoài ra có thể do viêm tai giữa, ít gặp hơn là viêm màng não hoặc chấn thương đầu.
Người cao tuổi dễ bị ảnh hưởng nặng hơn do hệ thống thăng bằng suy giảm và bệnh lý nền kèm theo.

Viêm mê đạo tai do virus (phổ biến nhất) thường liên quan cảm cúm, ít gây mất thính lực và đa số hồi phục hoàn toàn.
Viêm mê đạo tai do vi khuẩn (ít gặp nhưng nặng) có thể phá hủy cấu trúc tai trong, để lại giảm thính lực vĩnh viễn.

Dựa vào triệu chứng lâm sàng và khám thần kinh - tai mũi họng. Không có xét nghiệm đặc hiệu xác định bệnh; bác sĩ có thể chỉ định CT, MRI, đo thính lực hoặc các test tiền đình để loại trừ nguyên nhân khác gây chóng mặt.

Viêm mê đạo tai do virus thường cải thiện rõ trong một tuần, hồi phục hoàn toàn sau 2-3 tháng. Người lớn tuổi có thể hồi phục chậm hơn.
Thể vi khuẩn có tiên lượng dè dặt hơn, nguy cơ mất thính lực vĩnh viễn.

Viêm do virus:
Viêm do vi khuẩn:


Giữ vệ sinh tay, phòng tránh cảm cúm và tiêm chủng đầy đủ giúp giảm nguy cơ mắc bệnh.
Bảo Bảo(TheoEveryday Health)",Bảo Bảo,,Sức khỏe,0,https://vnexpress.net/suc-khoe/cam-nang/viem-me-dao-tai-408
Diễn viên Jung Eun Woo qua đời ở tuổi 40,"Tài tử Hàn Quốc Jung Eun Woo đột ngột qua đời ngày 11/2 ở tuổi 40, gia đình chưa công bố nguyên nhân.","Thứ tư, 11/2/2026, 15:17 (GMT+7)","Giới sao, Quốc tế",https://i1-giaitri.vnecdn.net/2026/02/11/sao2-1770796572-7152-1770797094.jpg?w=680&h=0&q=100&dpr=1&fit=crop&s=eKmSejnZ3SBuSTEeCtY7Gw,"TheoNews1, thi hài diễn viên đặt tại nhà tang lễ thuộc bệnh viện ở Gyeonggi, lễ viếng và lễ an táng nghệ sĩ sẽ diễn ra ngày 13/2.
Một ngày trước khi qua đời, Jung Eun Woo đăng trên trang cá nhân ảnh các nghệ sĩ quá cố Trương Quốc Vinh và Amy Winehouse kèm dòng chữ: ""Tôi nhớ các bạn, tôi ghen tị với các bạn"".
Jung Eun Woo sinh năm 1986, tên thật là Jung Dong Jin, gia nhập làng phim năm 2006. Anh tham gia các phim nổi tiếng nhưCô dâu mặt trời,Five Fingers,One Well-Raised Daughter(Mộc Lan thời @),Stranger, Welcome to Waikiki 2. Phim cuối cùng của anh làMemory, năm 2021.
Năm 2014, giai đoạn sự nghiệp phát triển thuận lợi, Jung Eun Woo hẹn hò diễn viên Park Han Byul, họ công bố chia tay sau bảy tháng yêu. Bấy giờ, cả hai cho biết lý do chia tay là áp lực từ nhiều phía và lịch trình bận rộn. Những năm gần đây, Jung Eun Woo hiếm xuất hiện ở sự kiện giải trí, cũng ít cập nhật trạng thái trên mạng xã hội.
Như Anh(theoNews1)",Như Anh,"jung eun woo, jung eun woo qua đời, mộc lan thời @",Sức khỏe,0,https://vnexpress.net/nghe-si-tran-hieu-hoi-phuc-suc-khoe-5013603.html
'Tiểu yêu quái núi Lãng Lãng' - hoạt hình về khủng hoảng hiện sinh,"Phim hoạt hình ""Tiểu yêu quái núi Lãng Lãng"" kể câu chuyện áp lực mưu sinh, cảm giác chông chênh khi trưởng thành.","Thứ sáu, 30/1/2026, 19:00 (GMT+7)",Khác,https://i1-giaitri.vnecdn.net/2026/01/29/Lang-Lang-9-up18-1769679999-8289-1769680341.png?w=680&h=0&q=100&dpr=1&fit=crop&s=ekenqWwMAXexlBWIC9XlDg,"* Bài viết tiết lộ nội dung phim
Ra mắt lần đầu tháng 8/2025 ở Trung Quốc, tác phẩm thu gần hai tỷ nhân dân tệ (gần 7,5 nghìn tỷ đồng), là phim hoạt hình 2D có doanh thu cao nhất trong lịch sử phòng vé Trung Quốc. Giữa tháng 1, bộ phim tiếp tục được khán giả Việt Nam đón nhận khi ra rạp trong nước.
Nội dung theo chân bốn yêu quái gồm lợn rừng, cóc, chồn và khỉ đột rời núi Lãng Lãng, giả danh thầy trò Đường Tăng để tới Tây Thiên cầu xin Phật Tổ sự bất tử và quyền lực. Trên chặng đường đó, họ đứng trước lựa chọn giữa việc chấp nhận thực tế hay theo đuổi lý tưởng cá nhân.
Tác phẩm sử dụng bối cảnh thế giới yêu quái để phản ánh đời sống con người.Nửa đầu phim mang đến tiếng cười vui khi bốn tiểu yêu quái loay hoay tập hợp thành viên, phân vai để bắt chước hình tượng thầy trò Đường Tăng. Về sau, phim mượn những kiếp nạn để làm nổi bật lòng dũng cảm, sự tự tin khi đứng trước ngã rẽ.
TheoSohu, dù mượn bối cảnh và tinh thần từTây Du Kýcủa tác giả Ngô Thừa Ân, đạo diễn kiêm đồng biên kịch Vu Thủy cho biết bộ phim giữ lại những hình tượng cốt lõi của nguyên tác nhưng hướng tới những vấn đề gần gũi hiện nay. Bốn nhân vật không có năng lực vượt trội, không xuất thân cao quý mà chỉ là những cá thể nhỏ bé trong thế giới rộng lớn. Từ góc nhìn đó, bộ phim đặt câu hỏi: làm thế nào để sống đúng với con người thật trong môi trường nhiều áp lực?
Những bế tắc của con người phản chiếu qua từng nhân vật. Tiểu yêu lợn nhiều lần lỡ hẹn với con đường quan lộ do không có quan hệ. Tiểu yêu cóc liên tục than phiền về Lãng Lãng Sơn nhưng vẫn chần chừ rời đi. Chú chồn học cách im lặng để tồn tại giữa tập thể, còn khỉ đột vốn hướng nội lại bị đẩy lên vị trí trung tâm. TheoNF News, hình ảnh những sinh vật nhỏ bé, ở tầng thấp trong trật tự yêu giới ẩn dụ cho thân phận vô danh, áp lực hòa nhập với xã hội. Cách tiếp cận này chạm đến những vấn đề quen thuộc của người trẻ, nhất là những ai đang loay hoay giữa mong muốn ổn định và sống với đam mê.
Họ không còn đặt nặng việc được đại vương công nhận hay quay về Lãng Lãng Sơn mà từng bước thoát khỏi nỗi sợ bị người khác đánh giá. Giá trị ấy truyền tải theo hướng tiết chế, không bi kịch hóa, hiện lên qua chi tiết dân làng cảm ơn họ, sự đoàn kết giữa các đồng đội, hay lựa chọn từ bỏ mong muốn trường sinh. Dù không đạt được mục tiêu trở thành thần tiên, câu chuyện khẳng định giá trị mỗi người nằm ở việc dám bước ra khỏi vùng an toàn hơn là ở kết quả đạt được.
Tác phẩm dành chỗ cho những phân đoạn về tình cảm gia đình, tiêu biểu là cảnh tiểu yêu lợn trở về thăm nhà. Lời dặn ""uống nhiều nước"" của người mẹ tạo nên cảm giác an ủi, cho thấy giữa áp lực mưu sinh, tình thân vẫn là điểm tựa quan trọng.
Bên cạnh câu chuyện, dự án gây chú ý về mặt hình ảnh, với phong cách thủy mặc kết hợp hoạt hình 2D. TheoNF News, quá trình sản xuất kéo dài bốn năm với khoảng 600 nhân sự, tạo nên hơn 1.800 khuôn hình, chia thành 2.000 phân cảnh. Xuất thân từ Sơn Tây, đạo diễn Vu Thủy đưa vào phim nhiều dấu ấn kiến trúc của vùng đất này như chùa Sương Đồng, chùa Sương Quang, chùa Quang Sinh. Hình tượng các vị La Hán dựa trên 18 pho tượng tại chùa Trùng Khánh và chùa Trang Lâm.
Hình ảnh núi non mờ trong sương và những lớp mây mang cảm giác thơ mộng. Trên bối cảnh đó, các nhân vật mang đường nét giản dị của nét vẽ tay. Phong cách thiết kế mộc mạc, thiên về sự tối giản, qua đó nhấn mạnh thân phận nhỏ bé của các tiểu yêu.
Bên cạnh thành công thương mại, bộ phim nhận phản hồi tích cực từ khán giả và giới chuyên môn, đạt 8,5/10 điểm trên trang phim ảnhDoubanvới gần 600.000 lượt đánh giá.Forbes Chinanhận xét các nhân vật không đại diện cho sức mạnh siêu nhiên mà cho thấy những băn khoăn, mong muốn rất đời thường. ""Nhờ cách khắc họa những thân phận nhỏ bé, bộ phim đã chiếm trọn tình cảm của hàng triệu khán giả"", trang này viết.
Nhiều cây bút so sánh bộ phim vớiNa Tra, cho rằng cả hai tác phẩm đều có khả năng tiếp cận khán giả ở mọi độ tuổi. Trẻ em cảm nhận được sự vui nhộn, còn người lớn có dịp suy ngẫm ý nghĩa bộ phim.Na Trathiên về tinh thần bùng nổ, xây dựng hình tượng anh hùng với năng lực phi thường, cònTiểu yêu quái núi Lãng Lãngtập trung vào giằng co nội tâm và mong muốn rất đời thường, qua đó mang đến sắc thái gần gũi.
Ở đoạn kết, bốn tiểu yêu chưa kịp giới thiệu tên đã bị trả về nguyên hình. Vu Thủy cho biết ông cố ý không đặt tên cho họ, bởi họ đại diện cho những người vô danh, như tên phim tiếng AnhNobody.
Đạo diễn không tô hồng cái kết, nhấn mạnh sống hết mình không đồng nghĩa với việc có thể thay đổi trật tự sẵn có. Tuy vậy, hành trình của bốn tiểu yêu không trở nên vô nghĩa. Họ dám lựa chọn, dám đi đến cùng, và tình bạn trở thành món quà quý giá nhất.
TrênNF News, đạo diễn Vu Thủy và giám đốc nghệ thuật Trần Liêu Vũ cho rằng sự phát triển của hoạt hình Trung Quốc là công sức làm việc của hàng nghìn người trong thời gian dài. Thành công củaNa TrahayTiểu yêu quái núi Lãng Lãnggiúp lĩnh vực được nhìn nhận một cách nghiêm túc, nhưng đồng thời đặt ra yêu cầu cao về cách kể chuyện lẫn hình thức thể hiện. Dù đòi hỏi nhiều thời gian và công sức, thể loại này tạo không gian sáng tạo, nơi trí tưởng tượng và tư duy nghệ thuật của con người giữ vai trò trung tâm, kể cả khi công nghệ và AI ngày càng phát triển.
Quế Chi",Quế Chi,"tiểu yêu quái núi lãng lãng, phim hoạt hình trung quốc",Giải trí,0,https://vnexpress.net/giai-tri/phim/thu-vien-phim/nobody-873
Căn hộ 70 m2 của Thanh Thanh Huyền,"MC Thanh Thanh Huyền, 30 tuổi, nói tích góp mua căn hộ 70 m2 ở Thủ Thiêm, TP HCM, bài trí phong cách tối giản.","Thứ hai, 2/2/2026, 19:44 (GMT+7)","Giới sao, Trong nước",https://i1-giaitri.vnecdn.net/2026/01/28/Khong-gian-song-cua-Thanh-Thanh-Huyen-6-1769593409.jpg?w=1200&h=0&q=100&dpr=1&fit=crop&s=J_vozFZipPimKHN72mdgWw,"Cô mua căn hộ vào cuối năm 2024, bắt đầu chuyển về sống từ giữa năm 2025. ""Mơ ước mua nhà trước tuổi 30 của tôi thành hiện thực. Tôi vui vì sau nhiều năm ở nhà thuê, cuối cùng cũng có không gian sống yêu thích"", Thanh Thanh Huyền nói.
Cô mua căn hộ vào cuối năm 2024, bắt đầu chuyển về sống từ giữa năm 2025. ""Mơ ước mua nhà trước tuổi 30 của tôi thành hiện thực. Tôi vui vì sau nhiều năm ở nhà thuê, cuối cùng cũng có không gian sống yêu thích"", Thanh Thanh Huyền nói.
Người đẹp cho biết mua nhà thô, sau đó chi thêm hai tỷ đồng để sửa một số hạng mục theo mong muốn.
Người đẹp cho biết mua nhà thô, sau đó chi thêm hai tỷ đồng để sửa một số hạng mục theo mong muốn.
Thanh Thanh Huyền tự lên ý tưởng thiết kế không gian sống, các khu vực đều đón nhiều ánh sáng tự nhiên. Đứng tại ban công có thể ngắm sông Sài Gòn và trung tâm thành phố từ xa.
Thanh Thanh Huyền tự lên ý tưởng thiết kế không gian sống, các khu vực đều đón nhiều ánh sáng tự nhiên. Đứng tại ban công có thể ngắm sông Sài Gòn và trung tâm thành phố từ xa.
Cô chọn tông trắng chủ đạo, tạo cảm giác rộng rãi, sạch sẽ. Theo người đẹp, sự hòa quyện màu sắc nhã nhặn với món đồ yêu thích giúp cô thấy thư thái, có cảm hứng làm việc.
Cô chọn tông trắng chủ đạo, tạo cảm giác rộng rãi, sạch sẽ. Theo người đẹp, sự hòa quyện màu sắc nhã nhặn với món đồ yêu thích giúp cô thấy thư thái, có cảm hứng làm việc.
Thanh Thanh Huyền không chú trọng nội thất cầu kỳ. Phòng ngủ của cô có tầm nhìn bao quát khung cảnh bên ngoài.
Thanh Thanh Huyền không chú trọng nội thất cầu kỳ. Phòng ngủ của cô có tầm nhìn bao quát khung cảnh bên ngoài.
Cô sử dụng một số chiếc tủ xà cừ có độ bóng nhẹ kết hợp rèm.
Cô sử dụng một số chiếc tủ xà cừ có độ bóng nhẹ kết hợp rèm.
Phòng thay đồ và cất giữ trang phục, phụ kiện của Thanh Thanh Huyền.
Phòng thay đồ và cất giữ trang phục, phụ kiện của Thanh Thanh Huyền.
Thanh Thanh Huyền tận dụng một góc trong nhà thực hiện video gợi ý phối áo dài du xuân.
Khu vực nhà bếp, phòng tắm được lát đá, dễ lau chùi.
Khu vực nhà bếp, phòng tắm được lát đá, dễ lau chùi.
Thanh Thanh Huyền cho biết dùng tiền tiết kiệm để mua căn hộ, không cần vay mượn hay trả góp. Thỉnh thoảng, cô đón người thân, bạn bè đến chơi.
Thanh Thanh Huyền cho biết dùng tiền tiết kiệm để mua căn hộ, không cần vay mượn hay trả góp. Thỉnh thoảng, cô đón người thân, bạn bè đến chơi.
Gần Tết Nguyên đán, cô trang trí ngôi nhà bằng những cành đào, mận.
Gần Tết Nguyên đán, cô trang trí ngôi nhà bằng những cành đào, mận.
Cô tên đầy đủ Đặng Dương Thanh Thanh Huyền, 30 tuổi, quê Khánh Hòa, tốt nghiệp Đại học Công nghệ TP HCM. Người đẹp từng vào top 15 Hoa hậu Hoàn vũ Việt Nam 2015. Năm 2023, cô là thí sinh Việt Nam tham gia Miss Charm, vào top 20. Nhiều năm qua, Thanh Thanh Huyền theo đuổi công việc MC song ngữ, dẫn dắt nhiều chương trình.
Cô tên đầy đủ Đặng Dương Thanh Thanh Huyền, 30 tuổi, quê Khánh Hòa, tốt nghiệp Đại học Công nghệ TP HCM. Người đẹp từng vào top 15 Hoa hậu Hoàn vũ Việt Nam 2015. Năm 2023, cô là thí sinh Việt Nam tham gia Miss Charm, vào top 20. Nhiều năm qua, Thanh Thanh Huyền theo đuổi công việc MC song ngữ, dẫn dắt nhiều chương trình.
Tân CaoẢnh, video:Nhân vật cung cấp",Tân Cao,"người đẹp thanh thanh huyền, thủ thiêm, không gian sống của sao việt",Sức khỏe,0,https://vnexpress.net/uong-nuoc-lanh-co-hai-cho-suc-khoe-5045848.html
Lợi ích sức khỏe của gừng,"Gừng chứa các hợp chất có đặc tính chống viêm và chống oxy hóa, hỗ trợ tiêu hóa, giảm buồn nôn và cải thiện triệu chứng viêm khớp.","Thứ sáu, 20/2/2026, 00:03 (GMT+7)",Các bệnh,https://i1-suckhoe.vnecdn.net/2026/02/05/trachanhgung-1770279949-177027-9084-4350-1770280017.png?w=180&h=108&q=100&dpr=1&fit=crop&s=LBpd4ip9CapK1Nhfb4866A,"Một lát gừng có thể làm ấm tách trà, dậy hương món ăn và hỗ trợ chăm sóc cơ thể. Đằng sau vị cay nồng đặc trưng ấy là nhiều lợi ích sức khỏe đáng chú ý.
Chống viêm và chống oxy hóa mạnh mẽ
Gingerol là hoạt chất sinh học chính trong gừng, góp phần tạo nên nhiều lợi ích sức khỏe của loại gia vị này. Nghiên cứu cho thấy gingerol có đặc tính chống viêm, chống oxy hóa mạnh, giúp giảm căng thẳng oxy hóa - tình trạng xảy ra khi cơ thể có quá nhiều gốc tự do.
Có thể giảm buồn nôn
Gừng hỗ trợ giảm buồn nôn, bao gồm tình trạngốm nghéntrong thai kỳ. Gừng có thể hỗ trợ giảm buồn nôn và nôn sau phẫu thuật hoặc liên quan đến hóa trị. Tuy nhiên, phụ nữ mang thai nên tham khảo ý kiến bác sĩ trước khi sử dụng gừng để đảm bảo an toàn.
Giúp giảm cân
Gừng có thể đóng vai trò trong việcgiảm cân. Bổ sung gừng làm giảm đáng kể trọng lượng cơ thể, tỷ lệ vòng eo, vòng hông ở người thừa cân hoặcbéo phì. Tác dụng này có thể liên quan đến đặc tính chống viêm và khả năng tác động đến quá trình chuyển hóa của gừng.
Giảm viêm xương khớp
Viêm xương khớp (OA) liên quan đến sự thoái hóa của các khớp, dẫn đến các triệu chứng như đau khớp và cứng khớp. Ăn gừng có thể giúp giảm các triệu chứng khó chịu này.
Giảm lượng đường trong máu
Các nghiên cứu cho thấy gừng góp phần giảmđường huyếtvà cải thiện độ nhạy insulin, đặc biệt ở người mắc bệnhtiểu đường type 2. Tuy nhiên, gừng không phải là phương pháp điều trị thay thế, mà chỉ nên được xem như một phần bổ trợ trong chế độ ăn uống cân bằng.
Hỗ trợ sức khỏe tiêu hóa
Loại gia vị này cũng có thể hỗ trợ sức khỏe tiêu hóa, đặc biệt ở người mắchội chứng ruột kích thích (IBS)hoặc bệnh viêm ruột (IBD). Gừng được cho là giúp tăng nhu động dạ dày, thúc đẩy thức ăn di chuyển qua đường tiêu hóa, kích thích tiết dịch tiêu hóa và giảm cảm giác khó chịu ở đường ruột. Tiêu thụ khoảng 2000 mg gừng mỗi ngày giúp và khó tiêu, phòng bệnhung thư đại trực tràng.
Giảm đau bụng kinh
Gừng là phương pháp tự nhiên hiệu quả để giảmđau bụng kinh, với tác dụng chống viêm và giảm đau tương đương các thuốc giảm đau.
Ổn định mức cholesterol
Tiêu thụ gừng làm giảm đáng kể triglyceride và cholesterol lipoprotein mật độ thấp (LDL) hay cholesterol xấu, đồng thời tăng cholesterol lipoprotein mật độ cao (HDL), hay còn gọi là cholesterol tốt. Người có mứccholesterolcao nên tham khảo ý kiến bác sĩ trước khi dùng gừng để kiểm soát cholesterol.
Giảm nguy cơ ung thư
Gừng có thể có đặc tính chống ung thư nhờ gingerol cùng nhiều hợp chất chống oxy hóa và chống viêm khác. Nhờ đó, loại củ này có tiềm năng hỗ trợ trong phòng ngừa và ức chế một số loại ung thư đường tiêu hóa, bao gồm ung thư dạ dày, ung thư tụy, ung thư gan, ung thư đại trực tràng và ung thư đường mật.
Cải thiện chức năng não, phòng bệnh Alzheimer
Căng thẳng oxy hóa và viêm mạn tính có thể là những yếu tố chính gây ra bệnh Alzheimer và suy giảm nhận thức liên quan đến tuổi tác. 6-shogaol và 6-gingerol là các hợp chất trong gừng, góp phần ngăn ngừa các bệnh thoái hóa như bệnhParkinson,Alzheimervà bệnh đa xơ cứng.
Chống nhiễm trùng
Gừng có đặc tính kháng khuẩn, có thể hỗ trợ chống lại một số tác nhân gây nhiễm trùng do vi khuẩn và nấm. Nghiên cứu ghi nhận gừng có hiệu quả ức chế Staphylococcus aureus (S. aureus) - vi khuẩn gây nhiều bệnh lý khác nhau, (E. coli) - nguyên nhân phổ biến của nhiễm trùng đường ruột, và Candida albicans (C. albicans) - tác nhân gây nhiễm nấm ở miệng và âm đạo.
Lưu ý
Gừng an toàn cho hầu hết mọi người khi dùng ở mức độ vừa phải. Tuy nhiên, với liều lượng lớn, nó có thể gây ra khó chịu ở bụng,ợ nóng,tiêu chảy, kích ứng miệng và họng. Gừng có thể không an toàn trong thời kỳ mang thai, vì vậy thai phụ nên tham khảo ý kiến của bác sĩ trước khi sử dụng.
Bảo Bảo(TheoHealthline)",Bảo Bảo,"gừng, gia vị, củ gừng, lợi ích sức khỏe",Sức khỏe,0,https://vnexpress.net/loi-ich-suc-khoe-cua-gung-5041154.html
Học sinh tìm về chợ Đo Đo sau đọc sách Nguyễn Nhật Ánh,"Nhóm học sinh Trường Hy Vọng (Hope School) tìm về chợ Đo Đo - địa danh trong sách ""Mắt biếc"" của Nguyễn Nhật Ánh.","Thứ sáu, 6/2/2026, 16:55 (GMT+7)","Sách, Làng văn",https://i1-giaitri.vnecdn.net/2026/02/06/hoc-sinh-hy-vong-1770366674-17-5225-5804-1770367283.jpg?w=680&h=0&q=100&dpr=1&fit=crop&s=TEBJpmMDJxQoKhk3hrMYhw,"Những tác phẩm của nhà văn Nguyễn Nhật Ánh vốn trở thành một phần trong tuổi thơ nhiều học sinh. Anh Hoàng Quốc Quyền - Giám đốc dự án Trường Hy vọng - cho biết nhiều em yêu thích sách của tác giả, luôn mong muốn được gặp ông ngoài đời. Hiểu nguyện vọng này, nhà trường lần đầu tiên mời tác giả từ TP HCM ra Đà Nẵng giao lưu sáng 7/2.
Để đón ông, nhóm học sinh và thầy cô tìm về chợ Đo Đo thực hiện một video hát ca khúcTừ đó.Nhạc phẩm của Phan Mạnh Quỳnh, nổi tiếng qua bộ phimMắt biếc(đạo diễn Victor Vũ) chuyển thể từ sách cùng tên.Làng Đo Đo trong phim gây ấn tượng với khán giả bởi vẻ yên bình, cảnh sắc thơ mộng. Trong đó, chợ Đo Đo được dựng từ bối cảnh của chợ Tây Giang ở xã Bình Sa, huyện Thăng Bình, Quảng Nam (hiện là xã Thăng Trường).
Video mở đầu với những câu viết của nhà văn Nguyễn Nhật Ánh trong cuốnMắt biếc, qua giọng đọc của một em học sinh: ''Làng tôi có một cái chợ tên là chợ Đo Đo. Từ lâu tên chợ trở thành tên làng. Chợ Đo Đo chỉ họp ban đêm. Ban ngày chợ vắng ngắt, chỉ còn trơ lại cây bàng già giữa chợ và những căn lều trống trải, ọp ẹp nơi bọn trẻ con thường tụ tập chia phe đánh nhau''.
Ngôi chợ xuất hiện trong sách vốn là địa danh có thật, thuộc xã Bình Quế, huyện Thăng Bình, Quảng Nam (nay là xã Thăng Phú), nơi tác giả Nguyễn Nhật Ánh từng sống trong tám năm đầu đời. Từ hình dung về chợ qua những trang viết, nhóm học sinh quyết định đến tận nơi tìm hiểu thêm nguồn cảm hứng đã đi vào trang sách của nhà văn.
Để xác thực những mô tả của nhà văn Nguyễn Nhật Ánh, các em hào hứng hỏi người bán hàng về khung giờ hoạt động của chợ. Lúc khác, một em đưa ra thắc mắc: ''Sách ghi buổi sáng bọn trẻ con thường tụ tập chia phe đánh nhau phải không cô?''.
Ngoài video hátTừ đó, các học sinh còn chuẩn bị các tiểu phẩm, lấy cảm hứng từ trang sách của Nguyễn Nhật Ánh, trình diễn ở buổi giao lưu.
Nhà vănNguyễn Nhật Ánh, 71 tuổi, quê tại Thăng Bình, Quảng Nam. Từ năm 1973, ông vào Nam sống, theo học ngành sư phạm, tốt nghiệp năm 1976. Bên cạnh năm tập thơ, hơn 30 tập truyện tranh, 12 tập kịch bản phim, ông đã xuất bản hơn 100 tác phẩm văn xuôi đề tài thanh thiếu niên, tuổi mới lớn và thiếu nhi. Tác giả còn in ba tập bình luận thể thao và hơn 50 tập tư vấn tình yêu dưới các bút danh khác nhau. Ông được Trung tâm Sách kỷ lục Việt Nam ghi nhận là nhà văn có tác phẩm viết cho thiếu nhi nhiều nhất nước.
Sách Nguyễn Nhật Ánh nhiều lần được chuyển thể lên màn ảnh nhưÁo trắng sân trường(1994) dựa trên truyệnNữ sinh,tác phẩm truyền hìnhChú bé rắc rối(1998),Kính vạn hoa(2004), phim điện ảnhMắt biếc(2019).
Trường Hy Vọng, ngôi trường nội trú dành cho trẻ mồ côi do Covid-19 đượckhánh thànhhôm 9/8/2025, sau gần hai nămkhởi côngxây dựng, nằm tại phường Ngũ Hành Sơn. Nơi đây không trực tiếp tổ chức dạy học, xây dựng chương trình đào tạo mà phân bổ các em về những trường học của FPT từ lớp 1 đến 12 và những cấp cao hơn ở khu vực FPT City Đà Nẵng. Hope School làm nhiệm vụ tổ chức nội trú, nuôi dưỡng, hỗ trợ để các em có điều kiện hòa đồng, sinh hoạt cùng bạn bè, thêm động lực học tập.
Phương LinhẢnh, video:Hoàng Quốc Quyền",Phương Linh,"đo đo, chợ đo đo, mắt biếc, hope school, nhà văn nguyễn nhật ánh",Sức khỏe,0,https://vnexpress.net/phuong-dau-tien-tp-hcm-thi-diem-cham-soc-suc-khoe-tai-nha-5044716.html
'Sinners' - âm nhạc cứu rỗi linh hồn,"Anh em sinh đôi giang hồ mở quán rượu mời em họ Sammie đến hát, vô tình thu hút thế lực ma cà rồng, trong phim nhận 16 đề cử Oscar ""Sinners"".","Chủ nhật, 8/2/2026, 09:05 (GMT+7)",Khác,https://i1-giaitri.vnecdn.net/2026/02/06/cap1-1770370617-1770370644-177-4817-7854-1770371928.jpg?w=680&h=0&q=100&dpr=1&fit=crop&s=CSPSDLZJAQ_NBBiTgZaReA,"* Bài viết tiết lộ nội dung phim
Phim do Ryan Coogler đạo diễn, lấy bối cảnh năm 1932, anh em song sinh Smoke và Stack trở về quê nhà Clarksdale tại vùng Mississippi sau thời gian làm ăn ở Chicago. Họ quyết định mở quán rượu và tập hợp một số người quen để kịp khai trương trong đêm. Song kế hoạch của nhóm bị đe dọa bởi đoàn ma cà rồng hút máu người.
Nhà làm phim pha trộn nhiều thể loại như chính kịch, lịch sử, kinh dị và hành động dưới nền âm nhạc dân gian đầu thế kỷ 20. Với lối kể chuyện tuyến tính, Coogler tập trung xây dựng thế giới nhân vật nửa đầu phim, phản ánh nhiều vấn đề xã hội giai đoạn này.
Bối cảnh Mississippi từng gắn liền các đồn điền bông quy mô lớn. Trong phim, chiếc xe của Stack lướt qua cánh đồng này, bắt gặp người dân bị ép lao động khổ sai. Chi tiết trực diện giúp Coogler tạo không khí ngột ngạt bao trùm nước Mỹ hậu nội chiến. Thời điểm này, chế độ nô lệ đã bị xóa bỏ, nhưng luật Jim Crow sớm ra đời, thiết lập hình thức cưỡng bức kiểu mới. Nhà cầm quyền bắt người da màu vô tội để phục vụ lợi ích của các chủ đồn điền. Dưới cơ chế cho thuê tù nhân (convict leasing), chính quyền không giam giữ họ mà đưa tư nhân khai thác lao động.
Luật Jim Crow còn nhân danh thuyết ""phân chia nhưng bình đẳng"" (separate but equal) để hợp pháp hóa phân biệt chủng tộc trong cộng đồng. Từ hình ảnh lối đi và phòng chờ tách biệt người da đen và da trắng ở ga tàu, Coogler lột tả thực tế nghiệt ngã của đất nước bị chia cắt bởi màu da. Đỉnh điểm bất công đến từ câu chuyện của nhạc công Delta Slim, kể về nhóm Ku Klux Klan - tổ chức theo chủ nghĩa da trắng thượng đẳng - sát hại người bạn của ông mà không phải chịu trừng phạt trước pháp luật. Chi tiết nhỏ nhưng chạm tới cốt lõi của sự bất công trong hệ thống tư pháp đương thời.
Điểm độc đáo củaSinnerslà dùng truyền thuyết ma cà rồng ẩn dụ cho nạn phân biệt chủng tộc và sự chiếm đoạt văn hóa của người da màu. Theo lời Annie, chúng là những kẻ bị nguyền rủa, phải sống với tất cả sự thù oán. Ma cà rồng trói buộc linh hồn con người, không cho họ trở về với cội nguồn tổ tiên. Thế lực này hứa hẹn mang đến cuộc sống bình đẳng nhưng thực chất đẩy người lương thiện vào con đường tha hóa, khiến họ đánh mất bản sắc.
Cha của Sammie từng cảnh báo rằng tài năng âm nhạc của cậu sẽ kéo ác quỷ tìm đến, và Remmick chính là hiện thân của lời tiên đoán đó. Hắn tiếp cận và cắn từng người, biến họ thành đồng loại, dần tập hợp lực lượng hùng mạnh. Remmick tin giọng ca và tiếng đàn của Sammie có thể thu hút thêm nhiều kẻ gia nhập. Hắn liên tục tìm cách thao túng, thậm chí đe dọa cậu và những người sống sót trong quán rượu.
TheoNew York Times, cuộc tấn công của phe ma cà rồng mang tính biểu tượng, cho thấy chủ nghĩa thực dân là một hệ thống không bao giờ chấm dứt, chỉ biến tướng sang một hình thức tinh vi hơn. Qua đó, bộ phim truyền tải trọn vẹn nỗi đau, tính nhân văn và khát vọng tự do của những người tá điền vùng Mississippi dưới chế độ Jim Crow khắc nghiệt.
Những giai điệu huyền thoại của dòng nhạc Blues là điểm sáng của bộ phim. Thông qua giọng hát của Sammie, văn hóa vùng Delta Mississippi trở thành sợi dây gắn kết mọi người. Trong đêm khai trương, Sammie trình diễn bàiI Lied to You, khuấy động không khí. Ca khúc do Ludwig Göransson sáng tác cùng Raphael Saadiq, biến không gian quán rượu trở thành điểm giao thoa, nơi nhiều lớp văn hóa và lịch sử hòa cùng một nhịp.
Trên thực tế, nhạc Blues gắn liền với điển tích về Robert Johnson, người được cho là đã thực hiện ""giao kèo với quỷ dữ"" tại ngã tư đường để đổi lấy tài năng xuất chúng. Tuy nhiên, Coogler dùng tài năng đó như một con đường tồn tại không khuất phục hay bị đồng hóa bởi bất cứ điều gì. Quyết định theo đuổi âm nhạc đến cùng của Sammie khẳng định nghệ thuật có thể trở thành nơi con người giữ gìn bản sắc, ký ức và quyền được là chính mình.
Dàn diễn viên thực lực góp phần tạo nên sức hút của bộ phim. Michael B. Jordan ghi điểm với màn hóa thân thành cặp song sinh giang hồ. Trong vai anh cả Smoke, nam diễn viên thể hiện sự điềm tĩnh và thận trọng, đối lập với Stack phóng khoáng, liều lĩnh và dễ sa vào cám dỗ. Khi Stack trở thành ma cà rồng và tấn công anh trai, Jordan bộc lộ tâm lý phức tạp của Smoke trước quyết định kết liễu em mình. TheoThe Hollywood Reporter, diễn xuất của Jordan khắc họa rõ xung đột nội tâm giữa Smoke và Stack.
TheoScreen Daily, gương mặt mới Miles Caton để lại ấn tượng trong vai Sammie. ""Caton tỏa sáng với chất giọng giàu cảm xúc, tái hiện những âm hưởng gai góc, đậm chất miền Nam lúc bấy giờ"", tờ này viết. Diễn viên Wunmi Mosaku gây chú ý với nhân vật pháp sư Hoodoo. Cô chinh phục khán giả bằng vẻ đẹp kiên cường của người phụ nữ vượt qua nỗi đau mất con, chịu đựng tổn thương không có chồng bên cạnh.
Dự án nhận ""cơn mưa"" lời khen từ giới chuyên môn. TờIGNnhận định các chi tiết nửa đầu phim là yếu tố then chốt làm nên thành công củaSinners, tạo sức nặng cho những sự kiện đáng sợ và đau lòng ở phía sau. Khi người xem đã hiểu và quan tâm đến các nhân vật, việc chứng kiến biến cố của họ trở nên đau đớn và khủng khiếp hơn bao giờ hết.
TheoIndieWire, bộ phim gợi mở hành trình tìm kiếm tự do đầy đau đớn của các cộng đồng bị áp bức. ""Tác phẩm cho thấy tầm nhìn của đạo diễn Coogler khi đào sâu câu hỏi muôn thuở về việc làm sao hòa nhập mà không đánh mất bản sắc"", tờ này viết. Mặt khác,Guardiancho rằng các tình tiết trong phim không phải lúc nào cũng mạch lạc, đòi hỏi khán giả kiên nhẫn theo dõi để nắm bắt dụng ý của đạo diễn. Tác phẩm hiện lậpkỷ lụckhi nhận 16 đề cử Oscar 2026, gồm Phim hay nhất.
Vi Đoàn",Vi Đoàn,"sinners, michael b. jordan, ryan coogler, oscar 2026",Giải trí,0,https://vnexpress.net/giai-tri/phim/thu-vien-phim/sinners-874
Lý Băng Băng mặc tôn dáng,Diễn viên Trung Quốc Lý Băng Băng được nhiều khán giả nhận xét tôn vóc dáng tuổi 53 với thiết kế ôm sát.,"Thứ sáu, 6/2/2026, 00:05 (GMT+7)","Thời trang, Sao đẹp - Sao xấu",https://i1-giaitri.vnecdn.net/2026/02/05/bang1-1770279031-5013-1770279606.jpg?w=680&h=0&q=100&dpr=1&fit=crop&s=VZnbDDQnZTYV4tXlYvhOGA,"TheoSina, loạt hình ảnh minh tinh tại sự kiện ngày 4/2 vào danh sách chủ đề được chú ý nhất trên mạng xã hội. Hàng nghìn người nhận xét thích ngắm Lý Băng Băng qua các video fan phát trực tiếp tại chương trình vì nét đẹp tự nhiên, khỏe khoắn.
Các fan viết: ""Nhìn là biết cô ấy chăm chỉ rèn luyện thể lực, vóc dáng"", ""Cô ấy thật quyến rũ, không hổ danh là hoa đán thực lực"", ""Thần thái của Lý Băng Băng hiện tại đẹp hơn lúc trẻ"".
Những năm gần đây, diễn viên ít đóng phim, tập trung quản lý công ty giải trí mà cô thành lập. Ngoài ra, người đẹp tham gia các sự kiện thời trang, ghi hình quảng cáo.
TheoHK01, sắc vóc hiện tại là kết quả quá trình chăm chỉ rèn luyện nhiều năm của Lý Băng Băng. Cô tập yoga hơn 10 năm, thường chạy bộ, leo núi và bơi. Hàng ngày, diễn viên chải tóc 300-400 lần, chải theo nhiều chiều để kích thích lưu thông máu.
Trên tạp chíMarie Claire,Lý Băng Băng nói hạn chế đóng phim để dành thời gian cho bản thân. Hiện, cô cảm thấy cuộc sống đủ đầy, tâm trạng vui vẻ. Minh tinh thường đưa cha mẹ du lịch, nhận ra nhiều điều sau mỗi chuyến đi. Chẳng hạn, trước đây cha mẹ nói ""già rồi, đi không nổi"" nhưng khi lên đường, họ thích thú và thường nỗ lực theo kịp bước chân của con.
Lý Băng Bănghoạt động giải trí hơn 30 năm, thành công qua các phimPhong thanh, Vua Kungfu, Tuyết hoa và cây quạt bí mật, Thời niên thiếu của Bao Thanh Thiên, Thiếu niên Trương Tam Phong. Người đẹp từng góp mặt trong nhiều phim Hollywood nhưThe Meg,Transformers: Kỷ nguyên hủy diệt, Resident Evil 5.
Diễn viên kín tiếng chuyện tình cảm, chỉ từng công khai hẹn hò Hứa Văn Nam - doanh nhân kém cô 16 tuổi, họ chia tay năm 2021. Người đẹp không cưỡng cầu chuyện kết hôn, cô từng nói: ""Gặp người phù hợp thì yêu, không còn hợp nhau nữa, bên nhau không vui vẻ nữa thì chia tay"". Lý Băng Băng coi hai con của em gái cô như con mình, dồn tâm huyết nuôi dạy các cháu.
Như Anh(theoMarie Claire, Sina)",Như Anh,"lý băng băng, li bingbing, thời niên thiếu của bao thanh thiên",Giải trí,0,https://vnexpress.net/giai-tri/phim/thu-vien-phim/back-to-the-past-876
7 màn trình diễn ấn tượng tại Grammy 2026,"Justin Bieber mặc quần đùi, đệm đàn hát ""Yukon"" và phần diễn ""APT."" của cặp nghệ sĩ Bruno Mars - Róse tạo điểm nhấn cho lễ trao giải Grammy 2026.","Thứ hai, 2/2/2026, 16:33 (GMT+7)","Nhạc, Làng nhạc",https://i1-giaitri.vnecdn.net/2026/02/02/hahl7fkxkaa9kt-1769999505-1769-2893-9002-1769999590.jpg?w=180&h=108&q=100&dpr=1&fit=crop&s=QiJGrpyJmfCnIOv_2sasUQ,"Grammy lần 68 diễn ra tối 1/2 giờ Los Angeles (tức sáng 2/2 giờ Hà Nội) là sân khấu để các nghệ sĩ làng nhạc tỏa sáng. Bên cạnh phần trao giải, sự kiện gây chú ý nhờ loạt tiết mục của gương mặt triển vọng Sabrina Carpenter, Rosé, bên cạnh tên tuổi gạo cội như Lauryn Hill, Pharrel Williams và Lady Gaga.
Justin Bieber
Màn trình diễnYukon, ca khúc từ albumSwagcủa Justin, được xem là một trong những bất ngờ lớn nhất Grammy năm nay. Ca sĩ chỉ diện quần đùi và đi tất. Khác vẻ ngoài nổi loạn, anh thể hiện ca khúc R&B bằng lối hát nhẹ nhàng, đồng thời sử dụng thiết bị loop machine để thu lại các đoạn chơi guitar, từ đó dựng phần nhạc nền ngay trên sân khấu.
Theo giới chuyên môn, cách trình diễn thiên về kỹ thuật và cảm xúc cho thấy hình tượng trưởng thành của người từng được mệnh danh là ""hoàng tử nhạc pop"". Những phân đoạn máy quay hướng về phía vợ anh - Hailey Bieber - ở hàng ghế khán giả làm nổi bật sắc thái tự sự của bài hát.
Bruno Mars và Róse
Bruno Mars và Rosé đảm nhận phần mở màn với tiết mụcAPT.- bản hit gây sốt toàn cầu hai năm qua. Trên sân khấu, Bruno Mars thể hiện phong thái điềm tĩnh, tập trung chơi guitar điện, nhường không gian biểu diễn cho Rosé. Thành viên nhóm Blackpink xuất hiện với phong cách pop-punk gồm áo tank top và cà vạt, di chuyển và tương tác liên tục với máy quay.
Lady Gaga
""Mẹ quái vật"" Lady Gaga thổi hồn cho ca khúcAbracadabravới phong cách rock cùng phần biểu diễn sôi động. Ca sĩ diện trang phục giống chao đèn đan bằng sợi tre, vừa chơi DJ vừa hát trong làn khói, gợi nhớ tinh thần pop pha rock trong giai đoạn đầu sự nghiệp.
Giới chuyên môn nhận xét giữa hiệu ứng đèn nhấp nháy mạnh và vũ đạo dồn dập, Gaga giữ được nội lực trong giọng hát, cho thấy khả năng cân bằng giữa kỹ năng trình diễn và kỹ thuật chuyên môn. Trước khi bước lên sân khấu, Gaga giành hai giải thưởng. Sau đó, cô tiếp tục được xướng tên ở hạng mục Album pop xuất sắc vớiMayhem.
Lauryn Hill
TheoVariety, phần tưởng niệm dành cho nghệ sĩ D'Angelo và Roberta Flack, do Lauryn Hill cùng các đồng nghiệp thân thiết dàn dựng, nhận được sự hưởng ứng từ khán giả. Ở vị trí trung tâm, Lauryn Hill dẫn dắt dàn nghệ sĩ đi qua những ca khúc gắn liền di sản của hai huyền thoại.
VớiThe First Time Ever I Saw Your Face, bà chọn lối thể hiện tiết chế, tập trung làm nổi bật chiều sâu cảm xúc và vẻ đẹp trong ca từ của Roberta Flack. Phần kết bằng ca khúcKilling Me Softly With His Songđưa không khí khán phòng từ trầm lắng sang bùng nổ, khiến nhiều khán giả đứng dậy vỗ tay hưởng ứng.
Sabrina Carpenter
TheoUSA Today, Sabrina mang ca khúcManchildđến Grammy với phong thái tự tin của một nghệ sĩ quen thuộc với các sân khấu lớn. Dù không mở màn chương trình, cô để lại ấn tượng nhờ cách trình diễn giàu năng lượng.
Trong tiết mục này, Sabrina biến sân khấu thành bối cảnh sân bay, lấy cảm hứng từ thời kỳ Pan Am (Pan American World Airways), giai đoạn hoàng kim của hàng không Mỹ từ thập niên 1930 đến 1991, với phong cách pin-up cổ điển. Cô biểu diễn cùng nhóm vũ công nam, kết hợp đạo cụ và trang phục phi công để làm nổi bật tinh thần hài hước của bài hát.
8 ứng viên hạng mục Nghệ sĩ mới xuất sắc
Liên khúc của các nghệ sĩ mang đến màu sắc âm nhạc đa dạng cho phần đầu chương trình. Nhóm The Marías mở màn bằngNo One Noticedvới không khí dream-pop pha trộn tiếng Anh - Tây Ban Nha, tiếp đó Addison Rae làm nóng không khí vớiFame Is a Gun. Nhóm Katseye khuấy động sân khấu với bản hitGnarly, trước khi Leon Thomas trình diễn nhạc phẩm chủ đề trong albumMUTTvà kết thúc bằng đoạn solo guitar.
Ở nửa sau, Alex Warren trình bàyOrdinary, Lola Young làm mới ca khúc gây sốt trên nền tảngTikTok-Messy- theo hướng ballad. Olivia Dean đem sắc disco thập niên 1970 vàoMan I Need, còn sombr kết thúc với12 to 12theo phong cách trình diễn sôi động, tương tác trực tiếp cùng khán giả.
Bruno Mars
Giữa chương trình, ca sĩ ""nhuộm đỏ"" sân khấu vớiI Just Mighttheo chủ đề Valentine. Trong phông nền hình trái tim lấp lánh và trang phục đỏ trắng, Bruno phối hợp ban nhạc, mang đến không khí hoài cổ, lãng mạn. Nhiều khách mời như Sabrina Carpenter, Joni Mitchell, Róse đứng lên lắc lư theo giai điệu.
Cát Tiên(theoVanity Fair,USA Today)",Cát Tiên,"justin bieber, giải grammy, grammy 2026, apt., róse, bruno mars",Sức khỏe,0,https://vnexpress.net/suc-khoe/cam-nang/benh-whipple-405
Vợ tỷ phú Jeff Bezos xách túi siêu thực,"Lauren Sánchez tạo sức hút bằng túi hình khuôn mặt, cùng chồng tỷ phú Jeff Bezos dự Paris Fashion Week.","Thứ ba, 27/1/2026, 16:45 (GMT+7)","Thời trang, Sao đẹp - Sao xấu",https://i1-giaitri.vnecdn.net/2026/01/27/lauren-sanchez-2-1769485612-3617-1769486342.jpg?w=680&h=0&q=100&dpr=1&fit=crop&s=ev1y62tcFKCnUDKzlZS3Fg,"Hôm 26/1, cặp vợ chồng nhà sáng lập Amazon gây ấn tượng trong show Haute Couture Xuân Hè 2026 của Schiaparelli thuộc Tuần lễ thời trang Paris. Cả hai chọn trang phục đơn sắc tương phản của nhà mốt Italy. Cựu nhà báo Lauren Sánchez, 57 tuổi, trông bắt mắt nhờ váy suit đỏ, nhấn bằng túi Schiaparelli. Tỷ phú Jeff Bezos diện suit đen, để râu bạc.
Mẫu túi Face là một trong những thiết kế nổi tiếng của nhà mốt Italy. Thiết kế trang trí bằng chi tiết hình giải phẫu học bằng men và đồng thau mạ vàng dập nổi, tạo thành hình ảnh khuôn mặt đánh lừa thị giác. Phiên bản siêu thực của bà Sánchez làm từ da cá sấu, được dự đoán có giá hàng chục nghìn Euro.
Bà Sánchez hoàn thiện diện mạo với giày cao gót da lộn cùng tông của Gianvito Rossi 850 USD (22,2 triệu đồng). Ngoài bà, thiết kế cổ điển chinh phục được nhiều gương mặt nổi tiếng khác như Vương phi Kate Middleton, Meghan Markle, diễn viên Margaret Qualley, ca sĩ Ciara.
Sau show Schiaparelli, cả hai cùng tới xem buổi ra mắt bộ sưu tập mới của Dior. Vợ tỷ phú Bezos thay bộ váy áo màu xám có cổ viền lông thú. TheoPeople, khi bước vào bên trong, chiếc giày bên phải của bà vấp vào gờ cửa khiến bà suýt ngã.
Khoảng ba tháng nay, cặp vợ chồng thay đổi phong cách, được khen mặc sành điệu hơn xưa. Trước đây, cả hai ""đóng đinh"" với những bộ trang phục công sở đơn giản. Sự thay đổi này mang tính bước ngoặt khi họ là nhà tài trợ chính cho Met Gala 2026 tháng 5.
TheoVogue, Met Gala năm nay đánh dấu lễ khánh thành các phòng trưng bày thường trực đầu tiên của Viện tại bảo tàng. Phòng trưng bày Condé M. Nast rộng gần 1.115 m2, nằm cạnh đại sảnh của bảo tàng. Host của sự kiện gồm Anna Wintour, Nicole Kidman, Venus Williams và Beyoncé.
Họa Mi(theoWWD)",Họa Mi,"lauren sánchez, jeff bezos, paris fashion week, schiaparelli, phong cách siêu thực, đánh lừa thị giác",Giải trí,0,https://vnexpress.net/giai-tri/phim/thu-vien-phim/mui-pho-879
Sắc vóc minh tinh 'Những nàng công chúa nổi tiếng',"Lee Tae Ran - sao Hàn từng gây sốt với phim ""Những nàng công chúa nổi tiếng"" - được fan khen vóc dáng, nụ cười đẹp ở tuổi 51.","Thứ sáu, 6/3/2026, 19:00 (GMT+7)","Thời trang, Sao đẹp - Sao xấu",https://i1-giaitri.vnecdn.net/2026/03/04/k-3-1772621996.jpg?w=1200&h=0&q=100&dpr=1&fit=crop&s=o7xSKyda5341OdKgXLN8vw,"TheoTopstarnews,Lee Tae Ran, ghi điểm với nhan sắc, thần thái trong bộ ảnh chụp cùng thú cưng Choco, ngày 4/3. Người đẹp phối sơ mi kẻ với áo len hồng, quần jeans và trang điểm tự nhiên. TrênInstagram, nhiều khán giả khen cô trông rạng rỡ. Ảnh:Amoment Studio
TheoTopstarnews,Lee Tae Ran, ghi điểm với nhan sắc, thần thái trong bộ ảnh chụp cùng thú cưng Choco, ngày 4/3. Người đẹp phối sơ mi kẻ với áo len hồng, quần jeans và trang điểm tự nhiên. TrênInstagram, nhiều khán giả khen cô trông rạng rỡ. Ảnh:Amoment Studio
TờNews 1nhận xét ưu điểm của Lee Tae Ran là đường nét cân đối, nụ cười tươi. Vài năm nay, cô tập trung cho sân khấu kịch, dẫn chương trìnhMột ngày ấm áp, chọn lọc phim lẫn quảng cáo phù hợp. Ảnh:MyPhoto Village
TờNews 1nhận xét ưu điểm của Lee Tae Ran là đường nét cân đối, nụ cười tươi. Vài năm nay, cô tập trung cho sân khấu kịch, dẫn chương trìnhMột ngày ấm áp, chọn lọc phim lẫn quảng cáo phù hợp. Ảnh:MyPhoto Village
TờNews 1nhận xét ưu điểm của Lee Tae Ran là đường nét cân đối, nụ cười tươi. Vài năm nay, cô tập trung cho sân khấu kịch, dẫn chương trìnhMột ngày ấm áp, chọn lọc phim lẫn quảng cáo phù hợp. Ảnh:MyPhoto Village
Nhờ chiều cao 1,7 m, cô mặc đẹp mọi phong cách. Để giữ hình thể thon gọn, Lee Tae Ran duy trì chế độ ăn không tinh bột, nhiều rau xanh, hạn chế nước có ga và tập luyện thể thao mỗi ngày. Ảnh:Woman Chosun
Nhờ chiều cao 1,7 m, cô mặc đẹp mọi phong cách. Để giữ hình thể thon gọn, Lee Tae Ran duy trì chế độ ăn không tinh bột, nhiều rau xanh, hạn chế nước có ga và tập luyện thể thao mỗi ngày. Ảnh:Woman Chosun
Người đẹp biến hóa với trang phục đen trắng trong bộ ảnh năm ngoái. Nhiều đồng nghiệp lẫn fan đánh giá Tae Ran ngày càng trẻ đẹp. Ảnh:Woman Chosun
Người đẹp biến hóa với trang phục đen trắng trong bộ ảnh năm ngoái. Nhiều đồng nghiệp lẫn fan đánh giá Tae Ran ngày càng trẻ đẹp. Ảnh:Woman Chosun
Người đẹp biến hóa với trang phục đen trắng trong bộ ảnh năm ngoái. Nhiều đồng nghiệp lẫn fan đánh giá Tae Ran ngày càng trẻ đẹp. Ảnh:Woman Chosun
Diễn viên lăng xê phong cách thanh lịch, kín đáo trên thảm đỏ lễ trao giải phim truyền hình KBS 2025 ở Seoul, chiều 31/12. Tủ đồ dự sự kiện của cô chủ yếu là gam trắng, trung tính, kiểu dáng cơ bản. Ảnh:Xportsnews
Diễn viên lăng xê phong cách thanh lịch, kín đáo trên thảm đỏ lễ trao giải phim truyền hình KBS 2025 ở Seoul, chiều 31/12. Tủ đồ dự sự kiện của cô chủ yếu là gam trắng, trung tính, kiểu dáng cơ bản. Ảnh:Xportsnews
Ở buổi giới thiệu phim truyền hình cuối tuầnFancy Daystại trụ sở chính của KBS ở Seoul hôm 6/8/2025, cô ghi điểm với ""cây"" trắng, nhấn vào kiểu vest một khuy và quần ống rộng xếp ly. Ảnh:Xportsnews
Ở buổi giới thiệu phim truyền hình cuối tuầnFancy Daystại trụ sở chính của KBS ở Seoul hôm 6/8/2025, cô ghi điểm với ""cây"" trắng, nhấn vào kiểu vest một khuy và quần ống rộng xếp ly. Ảnh:Xportsnews
Tại một sự kiện khác, người đẹp phối áo cổ lọ với set ghi khổ rộng của một nhà mốt nội địa cùng boots gót nhọn.Natenhận xét Lee Tae Ran bước đi như người mẫu chuyên nghiệp. Ảnh:Xportsnews
Tại một sự kiện khác, người đẹp phối áo cổ lọ với set ghi khổ rộng của một nhà mốt nội địa cùng boots gót nhọn.Natenhận xét Lee Tae Ran bước đi như người mẫu chuyên nghiệp. Ảnh:Xportsnews
Người đẹp lăng xê thiết kế thuộc bộ sưu tập Cahiers SS2025 của nhà thiết kế Kim Ayoung tại tuần thời trang Seoul, tháng 4/2024. TheoinStyle Asia,đây là lần hiếm hoi cô chọn trang phục họa tiết ở sự kiện. Ảnh:inStyle Asia
Người đẹp lăng xê thiết kế thuộc bộ sưu tập Cahiers SS2025 của nhà thiết kế Kim Ayoung tại tuần thời trang Seoul, tháng 4/2024. TheoinStyle Asia,đây là lần hiếm hoi cô chọn trang phục họa tiết ở sự kiện. Ảnh:inStyle Asia
Trong đời thường và khi dẫn chương trình phát thanh, Lee Tae Ran ưu tiên để mặt mộc để da được nghỉ ngơi. Ảnh:Instagram I_taeran
Trong đời thường và khi dẫn chương trình phát thanh, Lee Tae Ran ưu tiên để mặt mộc để da được nghỉ ngơi. Ảnh:Instagram I_taeran
Tae Ran khoe sắc bên các đàn chị thân thiết - ""Nữ hoàng sexy""Kim Hye SoovàSong Yoon Ah. Ảnh:Instagram I_taeran
Lee Tae Ran từng gây sốt ở Việt Nam cách đây 13 năm với vai đại tá Na Seol Chil trongNhững nàng công chúa nổi tiếng.Cô gia nhập làng giải trí từ năm 1997. Chiều cao ấn tượng, gương mặt thanh tú giúp cô tạo ấn tượng tốt với các đạo diễn, trở thành ngôi sao quảng cáo thời ấy. Tuy nhiên năm 2001, khi đang ở đỉnh cao sự nghiệp, Lee Tae Ran bị ông bầu kiêm người tình cũ dọa công khai video sex. Trong họp báo, cô liên tục khóc và tâm sự biết có ngày sẽ mất hết tất cả vì sự dại dột của mình. Diễn viên trở thành cái gai trong mắt người Hàn, bị cắt hàng chục hợp đồng quảng cáo chỉ trong một đêm.
Tae Ran khoe sắc bên các đàn chị thân thiết - ""Nữ hoàng sexy""Kim Hye SoovàSong Yoon Ah. Ảnh:Instagram I_taeran
Lee Tae Ran từng gây sốt ở Việt Nam cách đây 13 năm với vai đại tá Na Seol Chil trongNhững nàng công chúa nổi tiếng.Cô gia nhập làng giải trí từ năm 1997. Chiều cao ấn tượng, gương mặt thanh tú giúp cô tạo ấn tượng tốt với các đạo diễn, trở thành ngôi sao quảng cáo thời ấy. Tuy nhiên năm 2001, khi đang ở đỉnh cao sự nghiệp, Lee Tae Ran bị ông bầu kiêm người tình cũ dọa công khai video sex. Trong họp báo, cô liên tục khóc và tâm sự biết có ngày sẽ mất hết tất cả vì sự dại dột của mình. Diễn viên trở thành cái gai trong mắt người Hàn, bị cắt hàng chục hợp đồng quảng cáo chỉ trong một đêm.
TheoOsen,Lee Tae Rantừng trầm cảm vì scandal nhưng cô không bỏ cuộc, cố gắng vực dậy danh tiếng và sự nghiệp bằng những tác phẩm chất lượng nhưKhăn tay vàng,Nữ thần hôn nhân, Nước mắt phụ nữ, Lâu đài trên không...Daumcho biết minh tinh dần vượt qua nỗi đau, ám ảnh quá khứ bằng sự cầu thị, thái độ sống lạc quan và tích cực hoạt động thiện nguyện. Khán giả dần mở lòng đón nhận phim cô đóng và không còn miệt thị, nguyền rủa diễn viên như trước.
Côkết hônvới doanh nhân Shin Seung Hwan năm 2014. Hai người quen nhau qua giới thiệu của bạn bè và cómột năm hẹn hòtrước khi tiến tới hôn nhân. Lee Tae Ran không tiết lộ hình ảnh bạn đời vì muốn giữ sự riêng tư. Nguồn tin trênNavercho biết minh tinh có cuộc sống hạnh phúc, được bạn bè của chồng quý mến. Ảnh:Instagram I_taeran
TheoOsen,Lee Tae Rantừng trầm cảm vì scandal nhưng cô không bỏ cuộc, cố gắng vực dậy danh tiếng và sự nghiệp bằng những tác phẩm chất lượng nhưKhăn tay vàng,Nữ thần hôn nhân, Nước mắt phụ nữ, Lâu đài trên không...Daumcho biết minh tinh dần vượt qua nỗi đau, ám ảnh quá khứ bằng sự cầu thị, thái độ sống lạc quan và tích cực hoạt động thiện nguyện. Khán giả dần mở lòng đón nhận phim cô đóng và không còn miệt thị, nguyền rủa diễn viên như trước.
Côkết hônvới doanh nhân Shin Seung Hwan năm 2014. Hai người quen nhau qua giới thiệu của bạn bè và cómột năm hẹn hòtrước khi tiến tới hôn nhân. Lee Tae Ran không tiết lộ hình ảnh bạn đời vì muốn giữ sự riêng tư. Nguồn tin trênNavercho biết minh tinh có cuộc sống hạnh phúc, được bạn bè của chồng quý mến. Ảnh:Instagram I_taeran
Như Anh",Như Anh,"lee tae ran, những nàng công chúa nổi tiếng",Giải trí,0,https://vnexpress.net/giai-tri/phim/thu-vien-phim/mercy-871
Dép Crocs hình viên gạch Lego,"Crocs bắt tay Lego, tung ra mẫu dép hình viên gạch màu đỏ kinh điển theo phong cách quá khổ.","Thứ bảy, 24/1/2026, 21:44 (GMT+7)","Thời trang, Làng mốt",https://i1-giaitri.vnecdn.net/2026/01/24/batch-dep-crocs-lego-1-1769264-8848-7188-1769264349.jpg?w=680&h=0&q=100&dpr=1&fit=crop&s=Wal-OLLT8nKWd3dkZblO9Q,"Hôm 23/1, hãng đồ chơi lắp ráp Đan Mạch và hãng dép Mỹ giới thiệu mẫu dép mới. TheoWWD, thiết kế mang tính biểu tượng, thể hiện nét độc đáo của cả hai thương hiệu. Sản phẩm có giá 150 USD (3,9 triệu đồng) và được bày bán khắp toàn cầu từ ngày 16/2.
Trong thông báo, Lego và Crocs cho biết mong muốn cùng nhau tạo ra thứ hoàn toàn khác biệt, tươi vui, phá vỡ khuôn mẫu. Thiết kế thuộc phiên bản giới hạn, có bốn đinh tán được dập nổi logo của Lego, tặng kèm mô hình Minifigure với bốn đôi giày Crocs tí hon.
Rapper Tommy Cash là một trong số người đầu tiên sở hữu đôi dép này. ""Gã điên của làng mốt"" đã diện đôi màu đỏ ngoại cỡ khi tới xem show Thu đông 2026 của EgnoLab hôm 22/1 ở Tuần lễ thời trang Paris.WWDnhận xét đôi dép rất hợp với bộ vest độc đáo mang hình các viên gạch ráp lại với nhau lấy cảm hứng từ Lego.
Ngoài dép hình viên gạch, Crocs và Lego sẽ ra mắt thêm nhiều sản phẩm khác trong suốt năm, trong đó có bộ sưu tập phụ kiện Jibbitz. Sản phẩm dành cho người lớn và trẻ em, khuyến khích mọi người tham gia vào việc thể hiện bản thân một cách vui vẻ.
Ra đời từ năm 2002, dép Crocs (còn gọi là dép xấu) của Mỹ có hình dáng xù xì, thô kệch, là một trong những loại dép bình dânbán chạynhất thế giới. Chúng được làm bằng nhựa, có những lỗ thủng đặc trưng trên thân, đem lại sự thoải mái, tiện dụng và không thấm nước. Năm 2017, dép Crocs đánh dấu bước chuyển mình mạnh mẽ khi xuất hiện trên sàn diễn thời trang củaChristopher Kane, khiến nó trở thành phụ kiện cao cấp.
Họa Mi(theoLego)",Họa Mi,"crocs, lego, dép crocs, tommy cash, dép xấu, mốt giày xấu",Giải trí,0,https://vnexpress.net/giai-tri/phim/thu-vien-phim/tho-oi-878
